course_id,neg_count,pos_count,num_chapters,n_videos,n_exercises,n_problems,n_users_content_interaction,assignment_coverage,video_coverage,discussion_coverage,problems_attempted,attempts_total,correct_total,correct_rate_course,comments_total,commenters_total,views_total,viewers_total,unique_videos_viewed,enrollment_count,num_inactive_users,inactive_rate,avg_video_duration_sec,avg_exercise_correct_rate_course,avg_exercise_attempt_rate_course,avg_video_access_rate_course,school_id,qs_rank,progress_ratio,CQS_hybrid,CQS_num,CQS_num_pred,CQS_label_pred
C_677049,38,83,13,126,13,210,0.0,0.0,0,1.0,0,0,0,0.0,1729.0,457.0,0.0,0.0,0,68762,68305.0,0.9933538873214856,462.797392,0.0,0.0,0.0,S_1,20.0,0.0,Acceptable,1,1,Acceptable
C_677010,15,23,8,104,37,178,0.0,0.0,0,1.0,36,36,12,0.0,102.0,65.0,0.0,0.0,0,42690,42625.0,0.998477395174514,568.5623661971831,0.0,0.0,0.0,S_1,20.0,0.0,Acceptable,1,0,Needs Improvement
C_840084,4,4,10,32,10,143,0.0,0.0,0,1.0,0,0,0,0.0,64.0,40.0,0.0,0.0,0,31568,31528.0,0.9987328940699444,,0.0,0.0,0.0,S_455,,0.0,Acceptable,1,1,Acceptable
C_873864,4,11,8,36,19,112,0.0,0.0,0,1.0,0,0,0,0.0,119.0,47.0,0.0,0.0,0,26266,26219.0,0.9982106144826012,637.2200714285715,0.0,0.0,0.0,S_1,20.0,0.0,Acceptable,1,1,Acceptable
C_890220,6,5,10,20,19,119,0.0,0.0,0,1.0,0,0,0,0.0,76.0,43.0,0.0,0.0,0,24221,24178.0,0.9982246810618884,541.02145,0.0,0.0,0.0,S_31,,0.0,Acceptable,1,1,Acceptable
C_735214,8,22,6,34,6,53,49.0,1.0,1,1.0,40,12890,8794,1.0,1049.0,296.0,0.0,0.0,15,24049,23753.0,0.98769179591667,,0.0,0.0,0.0,S_1,20.0,0.15,Acceptable,1,1,Acceptable
C_943267,3,42,4,47,10,79,0.0,0.0,1,1.0,0,0,0,0.0,96.0,48.0,0.0,0.0,1,24039,23991.0,0.9980032447273182,,0.0,0.0,0.0,S_107,489.0,0.0,Acceptable,1,1,Acceptable
C_735157,0,3,12,62,12,61,0.0,0.0,0,1.0,0,0,0,0.0,8.0,8.0,0.0,0.0,0,24003,23995.0,0.9996667083281257,368.57812903225806,0.0,0.0,0.0,S_1,20.0,0.0,Acceptable,1,1,Acceptable
C_696800,0,13,7,33,30,115,0.0,0.0,0,1.0,0,0,0,0.0,467.0,127.0,0.0,0.0,0,22206,22079.0,0.9942808250022516,718.7521666666668,0.0,0.0,0.0,S_39,,0.0,Needs Improvement,0,1,Acceptable
C_682515,2,6,6,133,44,164,0.0,0.0,0,1.0,0,0,0,0.0,53.0,11.0,0.0,0.0,0,21069,21058.0,0.9994779059281408,,0.0,0.0,0.0,S_125,,0.0,Acceptable,1,1,Acceptable
C_676656,22,95,13,158,16,16,0.0,0.0,1,1.0,8,136,0,0.0,382.0,160.0,0.0,0.0,78,21003,20843.0,0.992382040660858,545.7263116883116,0.0,0.0,0.0,S_1,20.0,0.0,Excellent,2,1,Acceptable
C_696729,5,8,12,101,26,400,0.0,0.0,1,1.0,0,0,0,0.0,54.0,29.0,0.0,0.0,1,19001,18972.0,0.9984737645387084,508.7065,0.0,0.0,0.0,S_73,,0.0,Acceptable,1,1,Acceptable
C_682210,2,37,7,64,60,667,0.0,0.0,0,1.0,0,0,0,0.0,252.0,63.0,0.0,0.0,0,18897,18834.0,0.99666613748214,,0.0,0.0,0.0,S_14,428.0,0.0,Acceptable,1,1,Acceptable
C_760442,3,8,7,28,35,339,0.0,0.0,1,1.0,190,358,237,0.0,751.0,196.0,0.0,0.0,2,17904,17708.0,0.9890527256479,688.7785714285714,0.0,0.0,0.0,S_38,484.0,0.0,Excellent,2,1,Acceptable
C_696746,0,2,9,45,37,192,0.0,0.0,0,1.0,0,0,0,0.0,24.0,18.0,0.0,0.0,0,17501,17483.0,0.9989714873435804,825.3400681818183,0.0,0.0,0.0,S_84,,0.0,Acceptable,1,1,Acceptable
C_697284,3,6,11,81,11,147,0.0,0.0,0,1.0,0,0,0,0.0,136.0,35.0,0.0,0.0,0,16995,16960.0,0.9979405707561048,454.919049382716,0.0,0.0,0.0,S_1,20.0,0.0,Acceptable,1,1,Acceptable
C_707093,2,0,14,73,14,135,0.0,0.0,0,1.0,0,0,0,0.0,14.0,10.0,0.0,0.0,0,16668,16658.0,0.9994000479961604,611.8511095890411,0.0,0.0,0.0,S_13,431.0,0.0,Acceptable,1,1,Acceptable
C_677019,9,5,14,76,14,80,0.0,0.0,0,1.0,0,0,0,0.0,475.0,82.0,0.0,0.0,0,16323,16241.0,0.9949764136494516,,0.0,0.0,0.0,S_39,,0.0,Acceptable,1,1,Acceptable
C_881485,3,8,15,30,15,203,0.0,0.0,0,1.0,0,0,0,0.0,41.0,23.0,0.0,0.0,0,16165,16142.0,0.9985771729044232,2355.069862068965,0.0,0.0,0.0,S_1,20.0,0.0,Acceptable,1,1,Acceptable
C_680987,0,4,16,19,16,85,0.0,0.0,0,1.0,0,0,0,0.0,73.0,58.0,0.0,0.0,0,15888,15830.0,0.99634944612286,539.0839375,0.0,0.0,0.0,S_97,,0.0,Acceptable,1,1,Acceptable
C_696980,10,9,2,104,0,0,0.0,0.0,0,1.0,0,0,0,0.0,147.0,51.0,0.0,0.0,0,15622,15571.0,0.9967353731916528,,0.0,0.0,0.0,S_11,385.0,0.0,Needs Improvement,0,0,Needs Improvement
C_697075,10,4,9,133,37,341,0.0,0.0,0,1.0,5,5,2,0.0,51.0,30.0,0.0,0.0,0,15499,15469.0,0.9980643912510484,945.7712255639098,0.0,0.0,0.0,S_1,20.0,0.0,Excellent,2,0,Needs Improvement
C_851362,0,1,10,33,10,121,1.0,1.0,0,1.0,45,45,38,1.0,1.0,1.0,0.0,0.0,0,15052,15051.0,0.9999335636460271,601.5038787878788,0.0,0.0,0.0,S_117,,0.0232558139534883,Needs Improvement,0,1,Acceptable
C_697748,7,8,13,118,69,601,0.0,0.0,1,1.0,601,5591,3087,0.0,43.0,30.0,0.0,0.0,93,14880,14850.0,0.997983870967742,,0.0,0.0,0.0,S_35,377.0,0.0,Excellent,2,1,Acceptable
C_696855,10,21,12,161,12,60,0.0,0.0,0,1.0,0,0,0,0.0,149.0,52.0,0.0,0.0,0,14863,14811.0,0.996501379263944,404.2377391304348,0.0,0.0,0.0,S_1,20.0,0.0,Acceptable,1,1,Acceptable
C_696835,6,2,8,65,7,33,0.0,0.0,0,1.0,0,0,0,0.0,59.0,20.0,0.0,0.0,0,14033,14013.0,0.998574787999715,979.105258064516,0.0,0.0,0.0,S_1,20.0,0.0,Acceptable,1,1,Acceptable
C_814402,0,0,9,20,9,145,0.0,0.0,0,1.0,0,0,0,0.0,4.0,1.0,0.0,0.0,0,13248,13247.0,0.9999245169082126,659.659,0.0,0.0,0.0,S_148,,0.0,Acceptable,1,1,Acceptable
C_943228,2,35,11,78,39,474,0.0,0.0,0,1.0,0,0,0,0.0,287.0,54.0,0.0,0.0,0,13054,13000.0,0.9958633369082274,,0.0,0.0,0.0,S_125,,0.0,Acceptable,1,1,Acceptable
C_789278,5,1,14,65,55,71,0.0,0.0,0,1.0,0,0,0,0.0,15.0,11.0,0.0,0.0,0,12406,12395.0,0.9991133322585846,693.088125,0.0,0.0,0.0,S_1,20.0,0.0,Acceptable,1,1,Acceptable
C_707025,8,9,10,92,5,50,0.0,0.0,0,1.0,0,0,0,0.0,57.0,22.0,0.0,0.0,0,11560,11538.0,0.9980968858131488,565.965948051948,0.0,0.0,0.0,S_1,20.0,0.0,Acceptable,1,1,Acceptable
C_694163,0,0,6,38,27,141,0.0,0.0,0,1.0,0,0,0,0.0,2.0,2.0,0.0,0.0,0,11256,11254.0,0.999822316986496,,0.0,0.0,0.0,S_107,489.0,0.0,Needs Improvement,0,0,Needs Improvement
C_948235,0,1,16,61,15,150,0.0,0.0,0,1.0,0,0,0,0.0,6.0,6.0,0.0,0.0,0,11234,11228.0,0.9994659070678298,693.345786885246,0.0,0.0,0.0,S_238,,0.0,Acceptable,1,1,Acceptable
C_948214,3,10,6,43,6,55,0.0,0.0,0,1.0,0,0,0,0.0,34.0,6.0,0.0,0.0,0,11212,11206.0,0.9994648590795576,850.0334883720931,0.0,0.0,0.0,S_2,14.0,0.0,Acceptable,1,1,Acceptable
C_931252,0,0,9,68,62,63,0.0,0.0,0,1.0,0,0,0,0.0,13.0,5.0,0.0,0.0,0,11109,11104.0,0.999549914483752,628.0012280701754,0.0,0.0,0.0,S_800,,0.0,Acceptable,1,1,Acceptable
C_898349,0,2,10,80,11,28,0.0,0.0,0,1.0,0,0,0,0.0,7.0,7.0,0.0,0.0,0,10577,10570.0,0.99933818663137,,0.0,0.0,0.0,S_1,20.0,0.0,Acceptable,1,1,Acceptable
C_947250,2,5,11,36,11,144,82.0,1.0,1,1.0,144,10032,7476,1.0,298.0,99.0,0.0,0.0,36,10575,10462.0,0.9893144208037824,647.1822857142857,0.0,0.0,0.0,S_97,,0.2340425531914893,Excellent,2,2,Excellent
C_948424,0,0,12,38,12,216,7.0,1.0,1,1.0,136,217,124,1.0,4.0,4.0,0.0,0.0,8,10475,10470.0,0.9995226730310264,,0.0,0.0,0.0,S_798,,0.2631578947368421,Acceptable,1,2,Excellent
C_696863,0,1,14,40,14,111,0.0,0.0,0,1.0,0,0,0,0.0,105.0,11.0,0.0,0.0,0,9923,9912.0,0.9988914642749168,,0.0,0.0,0.0,S_230,,0.0,Acceptable,1,1,Acceptable
C_934517,0,1,16,84,16,176,0.0,0.0,0,1.0,0,0,0,0.0,2.0,2.0,0.0,0.0,0,9557,9555.0,0.9997907293083604,,0.0,0.0,0.0,S_263,901.0,0.0,Acceptable,1,1,Acceptable
C_811503,1,1,7,25,7,166,0.0,0.0,0,1.0,0,0,0,0.0,29.0,11.0,0.0,0.0,0,9490,9479.0,0.998840885142255,873.2912083333334,0.0,0.0,0.0,S_128,,0.0,Acceptable,1,1,Acceptable
C_948413,1,1,8,27,8,117,0.0,0.0,0,1.0,0,0,0,0.0,9.0,8.0,0.0,0.0,0,9340,9332.0,0.9991434689507496,432.31716666666665,0.0,0.0,0.0,S_1,20.0,0.0,Acceptable,1,1,Acceptable
C_948076,1,0,7,49,82,399,5.0,1.0,1,1.0,232,280,155,0.9473684210526316,6.0,5.0,0.0,0.0,1,9157,9152.0,0.999453969640712,538.3879591836734,0.0,0.0,0.0,S_111,,0.1690140845070422,Acceptable,1,1,Acceptable
C_696955,0,0,12,51,12,102,0.0,0.0,0,1.0,0,0,0,0.0,250.0,34.0,0.0,0.0,0,8804,8770.0,0.9961381190368016,720.903568627451,0.0,0.0,0.0,S_36,,0.0,Acceptable,1,1,Acceptable
C_680759,3,1,8,99,13,27,0.0,0.0,0,1.0,0,0,0,0.0,29.0,21.0,0.0,0.0,0,8772,8751.0,0.9976060191518468,493.5513253012048,0.0,0.0,0.0,S_1,20.0,0.0,Acceptable,1,1,Acceptable
C_696939,4,7,5,23,0,0,0.0,0.0,0,1.0,0,0,0,0.0,25.0,17.0,0.0,0.0,0,8336,8319.0,0.9979606525911708,521.0855,0.0,0.0,0.0,S_39,,0.0,Needs Improvement,0,0,Needs Improvement
C_934520,2,2,9,48,22,651,0.0,0.0,0,1.0,0,0,0,0.0,134.0,27.0,0.0,0.0,0,8030,8003.0,0.996637608966376,758.6814468085106,0.0,0.0,0.0,S_128,,0.0,Acceptable,1,1,Acceptable
C_1886668,0,0,7,81,26,230,0.0,0.0,0,1.0,0,0,0,0.0,74.0,16.0,0.0,0.0,0,7813,7797.0,0.997952131063612,,0.0,0.0,0.0,S_76,901.0,0.0,Acceptable,1,1,Acceptable
C_735253,1,1,8,36,9,124,0.0,0.0,0,1.0,0,0,0,0.0,8.0,8.0,0.0,0.0,0,7459,7451.0,0.998927470170264,370.2296666666667,0.0,0.0,0.0,S_470,,0.0,Acceptable,1,1,Acceptable
C_808529,0,1,10,66,10,229,0.0,0.0,0,1.0,0,0,0,0.0,5.0,4.0,0.0,0.0,0,7387,7383.0,0.9994585081900637,,0.0,0.0,0.0,S_477,,0.0,Acceptable,1,1,Acceptable
C_676953,4,1,5,133,7,26,0.0,0.0,0,1.0,0,0,0,0.0,33.0,10.0,0.0,0.0,0,7346,7336.0,0.99863871494691,282.84384615384613,0.0,0.0,0.0,S_1,20.0,0.0,Acceptable,1,1,Acceptable
C_682512,3,1,14,114,9,59,0.0,0.0,0,1.0,0,0,0,0.0,4.0,4.0,0.0,0.0,0,7313,7309.0,0.999453028852728,492.8782065217391,0.0,0.0,0.0,S_24,39.0,0.0,Acceptable,1,1,Acceptable
C_676885,3,6,8,64,8,40,0.0,0.0,0,1.0,0,0,0,0.0,133.0,17.0,0.0,0.0,0,6918,6901.0,0.9975426423821914,,0.0,0.0,0.0,S_67,,0.0,Acceptable,1,1,Acceptable
C_1718815,14,8,17,57,61,796,99.0,1.0,1,1.0,746,11343,7702,1.0,174.0,79.0,0.0,0.0,39,6909,6829.0,0.9884209002750036,561.4738936170213,0.0,0.0,0.0,S_9,580.0,0.5825242718446602,Acceptable,1,2,Excellent
C_677087,16,42,10,82,10,197,11.0,1.0,1,1.0,197,8291,6123,1.0,153.0,53.0,0.0,0.0,82,6676,6623.0,0.9920611144397844,490.557731707317,0.0,0.0,0.0,S_31,,0.108695652173913,Acceptable,1,2,Excellent
C_696999,2,7,13,45,52,269,0.0,0.0,0,1.0,0,0,0,0.0,89.0,17.0,0.0,0.0,0,6181,6164.0,0.9972496359812328,598.6935384615384,0.0,0.0,0.0,S_9,580.0,0.0,Acceptable,1,1,Acceptable
C_707089,0,1,10,69,79,500,0.0,0.0,0,1.0,0,0,0,0.0,12.0,7.0,0.0,0.0,0,6122,6115.0,0.9988565828160731,581.5597424242424,0.0,0.0,0.0,S_18,,0.0,Acceptable,1,1,Acceptable
C_681742,0,0,9,68,46,332,0.0,0.0,0,1.0,0,0,0,0.0,15.0,3.0,0.0,0.0,0,6094,6091.0,0.9995077125041024,,0.0,0.0,0.0,S_241,,0.0,Acceptable,1,1,Acceptable
C_679148,0,0,8,21,8,55,0.0,0.0,0,0.0,0,0,0,0.0,0.0,0.0,0.0,0.0,0,6074,6074.0,1.0,,0.0,0.0,0.0,S_5,336.0,0.0,Needs Improvement,0,0,Needs Improvement
C_682338,0,3,9,176,84,462,0.0,0.0,0,1.0,0,0,0,0.0,13.0,4.0,0.0,0.0,0,6015,6011.0,0.999334995843724,,0.0,0.0,0.0,S_9,580.0,0.0,Acceptable,1,1,Acceptable
C_1789696,0,0,6,45,49,97,0.0,0.0,0,0.0,0,0,0,0.0,0.0,0.0,0.0,0.0,0,6006,6006.0,1.0,545.6096,0.0,0.0,0.0,S_38,484.0,0.0,Needs Improvement,0,0,Needs Improvement
C_696956,0,1,9,89,8,150,0.0,0.0,0,1.0,0,0,0,0.0,28.0,10.0,0.0,0.0,0,5976,5966.0,0.9983266398929048,,0.0,0.0,0.0,S_90,,0.0,Acceptable,1,1,Acceptable
C_1738993,6,0,18,97,72,79,110.0,1.0,1,1.0,77,1247,757,1.0,33.0,15.0,0.0,0.0,64,5970,5947.0,0.996147403685092,740.0004639175257,0.0,0.0,0.0,S_1,20.0,0.4675324675324675,Acceptable,1,1,Acceptable
C_948083,13,4,16,179,57,61,52.0,1.0,0,1.0,60,845,705,1.0,226.0,45.0,0.0,0.0,0,5922,5874.0,0.9918946301925026,,0.0,0.0,0.0,S_100,,0.2568807339449541,Acceptable,1,2,Excellent
C_697184,0,2,9,162,48,196,0.0,0.0,0,1.0,0,0,0,0.0,15.0,3.0,0.0,0.0,0,5760,5757.0,0.9994791666666668,,0.0,0.0,0.0,S_35,377.0,0.0,Acceptable,1,1,Acceptable
C_682672,0,2,11,96,28,107,0.0,0.0,0,1.0,0,0,0,0.0,3.0,3.0,0.0,0.0,0,5746,5743.0,0.9994778976679428,347.322,0.0,0.0,0.0,S_6,302.0,0.0,Acceptable,1,1,Acceptable
C_682259,1,0,7,92,106,564,0.0,0.0,0,1.0,0,0,0,0.0,8.0,7.0,0.0,0.0,0,5677,5670.0,0.998766954377312,,0.0,0.0,0.0,S_263,901.0,0.0,Acceptable,1,1,Acceptable
C_682184,0,0,7,28,5,21,0.0,0.0,0,0.0,0,0,0,0.0,0.0,0.0,0.0,0.0,0,5551,5551.0,1.0,1117.3354642857144,0.0,0.0,0.0,S_218,,0.0,Acceptable,1,0,Needs Improvement
C_682435,8,39,7,111,10,86,0.0,0.0,0,1.0,0,0,0,0.0,596.0,214.0,0.0,0.0,0,5470,5256.0,0.9608775137111516,,0.0,0.0,0.0,S_49,,0.0,Acceptable,1,1,Acceptable
C_1992940,3,3,6,40,6,120,72.0,1.0,1,1.0,120,4634,4021,1.0,43.0,8.0,351.0,50.0,40,5397,5343.0,0.9899944413563092,,0.0,0.0,0.0,S_486,,0.1304347826086956,Acceptable,1,1,Acceptable
C_681006,0,5,16,59,84,557,0.0,0.0,0,1.0,0,0,0,0.0,539.0,46.0,0.0,0.0,0,5355,5309.0,0.9914098972922504,505.3911851851852,0.0,0.0,0.0,S_72,396.0,0.0,Acceptable,1,1,Acceptable
C_680803,2,0,12,88,22,170,0.0,0.0,0,1.0,0,0,0,0.0,3.0,2.0,0.0,0.0,0,5321,5319.0,0.9996241308024808,508.3074659090909,0.0,0.0,0.0,S_1,20.0,0.0,Acceptable,1,1,Acceptable
C_890259,1,1,10,42,19,573,0.0,0.0,0,1.0,0,0,0,0.0,85.0,20.0,0.0,0.0,0,5288,5268.0,0.9962178517397882,586.1633846153846,0.0,0.0,0.0,S_11,385.0,0.0,Acceptable,1,1,Acceptable
C_697073,1,6,8,42,8,36,0.0,0.0,0,1.0,0,0,0,0.0,108.0,14.0,0.0,0.0,0,5187,5173.0,0.9973009446693656,798.131,0.0,0.0,0.0,S_36,,0.0,Acceptable,1,1,Acceptable
C_674914,2,0,8,21,8,120,0.0,0.0,0,1.0,0,0,0,0.0,4.0,4.0,0.0,0.0,0,5106,5102.0,0.99921660791226,,0.0,0.0,0.0,S_47,,0.0,Acceptable,1,1,Acceptable
C_876708,1,5,9,51,8,111,0.0,0.0,0,1.0,0,0,0,0.0,98.0,15.0,0.0,0.0,0,5064,5049.0,0.9970379146919433,,0.0,0.0,0.0,S_479,,0.0,Acceptable,1,1,Acceptable
C_707083,0,0,21,622,130,2275,0.0,0.0,1,1.0,1252,12365,9484,0.0,272.0,58.0,0.0,0.0,31,4759,4701.0,0.9878125656650556,405.588533604888,0.0,0.0,0.0,S_11,385.0,0.0,Acceptable,1,1,Acceptable
C_682772,0,0,18,179,87,151,0.0,0.0,0,1.0,0,0,0,0.0,9.0,6.0,0.0,0.0,0,4746,4740.0,0.9987357774968394,408.0563007518797,0.0,0.0,0.0,S_13,431.0,0.0,Acceptable,1,1,Acceptable
C_697056,0,4,9,82,12,88,0.0,0.0,1,1.0,67,637,439,0.0,99.0,15.0,0.0,0.0,57,4615,4600.0,0.9967497291440952,387.001875,0.0,0.0,0.0,S_78,1201.0,0.0,Acceptable,1,2,Excellent
C_707073,0,1,10,65,13,268,0.0,0.0,0,1.0,0,0,0,0.0,2.0,2.0,0.0,0.0,0,4608,4606.0,0.9995659722222222,,0.0,0.0,0.0,S_64,448.0,0.0,Acceptable,1,1,Acceptable
C_948038,2,3,7,20,27,122,0.0,0.0,0,1.0,0,0,0,0.0,27.0,11.0,0.0,0.0,0,4517,4506.0,0.9975647553686074,,0.0,0.0,0.0,S_491,,0.0,Acceptable,1,1,Acceptable
C_1429234,0,0,12,134,11,295,0.0,0.0,0,1.0,0,0,0,0.0,25.0,14.0,0.0,0.0,0,4342,4328.0,0.99677567941041,,0.0,0.0,0.0,S_111,,0.0,Acceptable,1,1,Acceptable
C_1794790,0,2,13,75,41,928,0.0,0.0,1,1.0,681,1942,1573,0.0,72.0,5.0,0.0,0.0,16,4149,4144.0,0.9987948903350204,,0.0,0.0,0.0,S_230,,0.0,Acceptable,1,2,Excellent
C_735324,3,4,4,24,4,12,0.0,0.0,0,1.0,0,0,0,0.0,16.0,11.0,0.0,0.0,0,4034,4023.0,0.9972731779871096,586.1204166666666,0.0,0.0,0.0,S_339,,0.0,Acceptable,1,1,Acceptable
C_697064,0,4,9,46,46,121,0.0,0.0,0,1.0,0,0,0,0.0,8.0,6.0,0.0,0.0,0,3887,3881.0,0.9984563931052224,780.8711739130434,0.0,0.0,0.0,S_91,,0.0,Needs Improvement,0,1,Acceptable
C_696525,0,1,12,34,12,90,0.0,0.0,0,1.0,0,0,0,0.0,152.0,33.0,0.0,0.0,0,3828,3795.0,0.9913793103448276,,0.0,0.0,0.0,S_22,,0.0,Acceptable,1,1,Acceptable
C_799791,0,0,15,93,77,406,6.0,1.0,1,1.0,353,2961,2036,0.6559139784946236,1.0,1.0,0.0,0.0,51,3739,3738.0,0.9997325488098422,,0.0,0.0,0.0,S_31,,0.1294117647058823,Acceptable,1,1,Acceptable
C_840087,0,0,18,77,28,99,0.0,0.0,0,1.0,0,0,0,0.0,8.0,5.0,0.0,0.0,0,3292,3287.0,0.9984811664641556,,0.0,0.0,0.0,S_484,,0.0,Acceptable,1,1,Acceptable
C_676975,1,4,14,45,6,50,0.0,0.0,0,1.0,50,114,75,0.0,8.0,7.0,0.0,0.0,0,3269,3262.0,0.9978586723768736,,0.0,0.0,0.0,S_12,547.0,0.0,Acceptable,1,2,Excellent
C_682301,0,0,9,29,0,0,0.0,0.0,0,0.0,0,0,0,0.0,0.0,0.0,0.0,0.0,0,3240,3240.0,1.0,,0.0,0.0,0.0,S_132,,0.0,Needs Improvement,0,0,Needs Improvement
C_948406,0,1,10,71,10,138,0.0,0.0,1,1.0,138,290,226,0.0,2.0,1.0,0.0,0.0,5,3186,3185.0,0.9996861268047708,,0.0,0.0,0.0,S_144,316.0,0.0,Acceptable,1,2,Excellent
C_677133,0,0,10,111,7,10,0.0,0.0,1,1.0,0,0,0,0.0,1.0,1.0,0.0,0.0,25,3166,3165.0,0.999684144030322,,0.0,0.0,0.0,S_37,252.0,0.0,Acceptable,1,0,Needs Improvement
C_682324,1,7,5,19,3,47,0.0,0.0,0,1.0,0,0,0,0.0,17.0,14.0,0.0,0.0,0,3160,3146.0,0.9955696202531644,1162.3013157894736,0.0,0.0,0.0,S_7,271.0,0.0,Acceptable,1,1,Acceptable
C_1907842,0,0,11,52,8,38,1.0,0.0,1,0.0,1,1,0,0.0,0.0,0.0,68.0,18.0,6,3156,3138.0,0.994296577946768,640.8415192307692,0.0,0.0,0.0,S_111,,0.0166666666666666,Needs Improvement,0,0,Needs Improvement
C_677018,0,3,7,34,31,173,0.0,0.0,0,1.0,0,0,0,0.0,10.0,6.0,0.0,0.0,0,3013,3007.0,0.9980086292731496,,0.0,0.0,0.0,S_80,,0.0,Needs Improvement,0,1,Acceptable
C_854854,0,0,11,81,57,330,13.0,1.0,1,1.0,330,1968,1455,1.0,6.0,3.0,0.0,0.0,22,2983,2969.0,0.9953067381830372,438.9753456790123,0.0,0.0,0.0,S_1,20.0,0.4130434782608695,Excellent,2,2,Excellent
C_749756,0,0,12,92,22,236,0.0,0.0,0,1.0,0,0,0,0.0,17.0,8.0,0.0,0.0,0,2935,2927.0,0.9972742759795572,,0.0,0.0,0.0,S_93,,0.0,Acceptable,1,1,Acceptable
C_696673,0,0,9,56,20,185,0.0,0.0,0,1.0,0,0,0,0.0,2.0,2.0,0.0,0.0,0,2933,2931.0,0.9993181043300376,,0.0,0.0,0.0,S_71,133.0,0.0,Acceptable,1,0,Needs Improvement
C_697070,0,0,9,30,8,116,0.0,0.0,0,0.0,0,0,0,0.0,0.0,0.0,0.0,0.0,0,2918,2918.0,1.0,817.2240869565217,0.0,0.0,0.0,S_68,,0.0,Needs Improvement,0,0,Needs Improvement
C_681684,0,0,8,80,15,166,0.0,0.0,0,1.0,0,0,0,0.0,5.0,3.0,0.0,0.0,0,2902,2899.0,0.9989662301860786,407.6256,0.0,0.0,0.0,S_39,,0.0,Acceptable,1,1,Acceptable
C_784387,1,1,6,50,7,334,0.0,0.0,0,1.0,0,0,0,0.0,2.0,2.0,0.0,0.0,0,2870,2868.0,0.9993031358885016,,0.0,0.0,0.0,S_296,,0.0,Acceptable,1,1,Acceptable
C_697543,0,0,8,98,68,573,0.0,0.0,0,1.0,0,0,0,0.0,8.0,2.0,0.0,0.0,0,2861,2859.0,0.99930094372597,,0.0,0.0,0.0,S_49,,0.0,Acceptable,1,0,Needs Improvement
C_707051,0,0,13,93,55,201,0.0,0.0,0,1.0,0,0,0,0.0,17.0,7.0,0.0,0.0,0,2860,2853.0,0.9975524475524477,,0.0,0.0,0.0,S_49,,0.0,Acceptable,1,1,Acceptable
C_697067,0,0,9,27,9,298,0.0,0.0,0,1.0,0,0,0,0.0,22.0,11.0,0.0,0.0,0,2838,2827.0,0.996124031007752,,0.0,0.0,0.0,S_246,,0.0,Acceptable,1,1,Acceptable
C_2189666,0,0,14,56,52,54,26.0,1.0,1,0.0,52,552,341,1.0,0.0,0.0,18.0,15.0,12,2836,2798.0,0.9866008462623412,,0.0,0.0,0.0,S_1,20.0,0.3398058252427184,Excellent,2,1,Acceptable
C_681619,0,1,8,74,72,323,0.0,0.0,0,1.0,0,0,0,0.0,6.0,4.0,0.0,0.0,0,2824,2820.0,0.9985835694050992,381.7132333333333,0.0,0.0,0.0,S_39,,0.0,Acceptable,1,1,Acceptable
C_1750786,0,0,15,32,16,173,8.0,1.0,1,1.0,143,261,176,1.0,3.0,2.0,0.0,0.0,2,2809,2392.0,0.8515485938056248,481.728,0.0,0.0,0.0,S_1031,,0.2765957446808511,Acceptable,1,2,Excellent
C_680951,0,0,7,20,7,125,0.0,0.0,0,0.0,0,0,0,0.0,0.0,0.0,0.0,0.0,0,2674,2674.0,1.0,,0.0,0.0,0.0,S_5,336.0,0.0,Acceptable,1,0,Needs Improvement
C_676897,1,3,12,79,18,269,0.0,0.0,0,1.0,0,0,0,0.0,177.0,33.0,0.0,0.0,0,2661,2628.0,0.9875986471251408,,0.0,0.0,0.0,S_73,,0.0,Acceptable,1,1,Acceptable
C_677167,0,0,8,40,40,261,0.0,0.0,0,1.0,0,0,0,0.0,15.0,2.0,0.0,0.0,0,2652,2650.0,0.9992458521870288,,0.0,0.0,0.0,S_37,252.0,0.0,Acceptable,1,1,Acceptable
C_948392,2,1,14,27,9,18,0.0,0.0,0,1.0,0,0,0,0.0,48.0,6.0,0.0,0.0,0,2648,2642.0,0.9977341389728096,,0.0,0.0,0.0,S_794,,0.0,Acceptable,1,1,Acceptable
C_873860,0,0,6,41,47,287,0.0,0.0,0,1.0,0,0,0,0.0,4.0,3.0,0.0,0.0,0,2549,2546.0,0.9988230678697528,,0.0,0.0,0.0,S_319,,0.0,Acceptable,1,1,Acceptable
C_682248,1,0,16,41,35,122,0.0,0.0,0,1.0,0,0,0,0.0,168.0,38.0,0.0,0.0,0,2545,2507.0,0.9850687622789784,361.67378125,0.0,0.0,0.0,S_264,,0.0,Needs Improvement,0,1,Acceptable
C_801443,0,0,7,108,16,522,3.0,1.0,1,1.0,522,3735,2776,1.0,33.0,9.0,0.0,0.0,1,2508,2499.0,0.9964114832535884,486.805431372549,0.0,0.0,0.0,S_34,,0.0471698113207547,Excellent,2,2,Excellent
C_697496,3,4,7,116,36,265,0.0,0.0,0,1.0,0,0,0,0.0,818.0,206.0,0.0,0.0,0,2445,2239.0,0.9157464212678936,314.04936904761905,0.0,0.0,0.0,S_49,,0.0,Acceptable,1,1,Acceptable
C_682237,0,0,11,29,11,36,0.0,0.0,0,0.0,0,0,0,0.0,0.0,0.0,0.0,0.0,0,2434,2434.0,1.0,,0.0,0.0,0.0,S_247,801.0,0.0,Needs Improvement,0,0,Needs Improvement
C_2281492,0,0,9,37,11,127,2.0,1.0,1,0.0,18,67,51,1.0,0.0,0.0,4.0,3.0,1,2361,2357.0,0.998305802626006,,0.0,0.0,0.0,S_220,430.0,0.0416666666666666,Acceptable,1,1,Acceptable
C_680972,0,1,6,58,5,32,0.0,0.0,0,1.0,0,0,0,0.0,4.0,4.0,0.0,0.0,0,2342,2338.0,0.9982920580700256,482.0255555555555,0.0,0.0,0.0,S_103,,0.0,Acceptable,1,1,Acceptable
C_1123979,0,0,9,63,8,77,8.0,0.875,0,1.0,28,58,26,0.9285714285714286,2.0,2.0,1.0,1.0,0,2338,2335.0,0.9987168520102652,,0.0,0.0,0.0,S_306,,0.0615384615384615,Acceptable,1,1,Acceptable
C_681422,2,0,6,39,40,410,0.0,0.0,0,1.0,0,0,0,0.0,9.0,3.0,0.0,0.0,0,2312,2309.0,0.9987024221453288,,0.0,0.0,0.0,S_207,,0.0,Acceptable,1,1,Acceptable
C_696686,1,1,4,43,14,134,0.0,0.0,0,1.0,0,0,0,0.0,8.0,6.0,0.0,0.0,0,2299,2293.0,0.9973901696389734,,0.0,0.0,0.0,S_234,,0.0,Acceptable,1,1,Acceptable
C_707365,0,0,14,29,14,98,0.0,0.0,1,1.0,77,142,117,0.0,1.0,1.0,0.0,0.0,7,2288,2287.0,0.9995629370629372,603.2842413793104,0.0,0.0,0.0,S_7,271.0,0.0,Excellent,2,2,Excellent
C_908991,0,2,18,67,27,81,0.0,0.0,0,1.0,0,0,0,0.0,114.0,33.0,0.0,0.0,0,2285,2252.0,0.9855579868708972,,0.0,0.0,0.0,S_121,,0.0,Needs Improvement,0,1,Acceptable
C_697151,0,0,6,33,21,144,0.0,0.0,0,1.0,5,5,5,0.0,1.0,1.0,0.0,0.0,0,2194,2193.0,0.9995442114858706,746.181375,0.0,0.0,0.0,S_228,,0.0,Needs Improvement,0,0,Needs Improvement
C_697155,1,4,19,61,18,92,6.0,1.0,1,1.0,92,242,210,1.0,25.0,18.0,0.0,0.0,1,2132,2114.0,0.9915572232645404,,0.0,0.0,0.0,S_31,,0.1012658227848101,Acceptable,1,2,Excellent
C_1750779,1,0,10,47,10,50,0.0,0.0,0,1.0,0,0,0,0.0,11.0,3.0,0.0,0.0,0,2052,2049.0,0.9985380116959064,,0.0,0.0,0.0,S_35,377.0,0.0,Acceptable,1,1,Acceptable
C_681690,0,5,5,40,25,132,0.0,0.0,0,1.0,0,0,0,0.0,24.0,5.0,0.0,0.0,0,1941,1936.0,0.9974240082431736,,0.0,0.0,0.0,S_237,,0.0,Acceptable,1,1,Acceptable
C_737493,2,2,8,30,8,24,0.0,0.0,1,1.0,7,8,0,0.0,14.0,9.0,0.0,0.0,4,1833,1824.0,0.995090016366612,,0.0,0.0,0.0,S_103,,0.0,Excellent,2,1,Acceptable
C_735089,0,1,4,26,8,80,0.0,0.0,0,1.0,0,0,0,0.0,10.0,4.0,0.0,0.0,0,1805,1801.0,0.9977839335180057,,0.0,0.0,0.0,S_90,,0.0,Acceptable,1,1,Acceptable
C_881462,0,0,26,51,0,0,0.0,0.0,1,0.0,0,0,0,0.0,0.0,0.0,0.0,0.0,12,1776,1776.0,1.0,1975.281355555556,0.0,0.0,0.0,S_1,20.0,0.0,Needs Improvement,0,0,Needs Improvement
C_697367,1,2,6,33,32,160,0.0,0.0,1,1.0,160,1065,894,0.0,6.0,6.0,0.0,0.0,5,1741,1735.0,0.996553704767375,806.894625,0.0,0.0,0.0,S_69,721.0,0.0,Excellent,2,2,Excellent
C_680943,0,0,11,131,11,110,0.0,0.0,0,0.0,110,687,520,0.0,0.0,0.0,0.0,0.0,0,1737,1737.0,1.0,,0.0,0.0,0.0,S_29,,0.0,Acceptable,1,2,Excellent
C_696549,1,2,12,66,12,158,0.0,0.0,0,1.0,0,0,0,0.0,6.0,5.0,0.0,0.0,0,1686,1681.0,0.9970344009489917,,0.0,0.0,0.0,S_31,,0.0,Acceptable,1,1,Acceptable
C_854862,2,1,13,52,40,111,0.0,0.0,0,1.0,0,0,0,0.0,15.0,3.0,0.0,0.0,0,1638,1635.0,0.9981684981684982,1014.8357692307692,0.0,0.0,0.0,S_1,20.0,0.0,Acceptable,1,1,Acceptable
C_676967,0,1,6,50,25,60,0.0,0.0,0,1.0,0,0,0,0.0,2.0,2.0,0.0,0.0,0,1624,1622.0,0.998768472906404,483.58294,0.0,0.0,0.0,S_9,580.0,0.0,Acceptable,1,0,Needs Improvement
C_682558,0,2,4,28,4,134,0.0,0.0,1,1.0,134,824,540,0.0,8.0,7.0,0.0,0.0,1,1582,1575.0,0.995575221238938,,0.0,0.0,0.0,S_22,,0.0,Excellent,2,2,Excellent
C_948093,0,0,10,47,9,74,0.0,0.0,1,0.0,47,283,236,0.0,0.0,0.0,0.0,0.0,10,1576,1576.0,1.0,,0.0,0.0,0.0,S_749,,0.0,Acceptable,1,2,Excellent
C_688388,0,0,10,261,106,251,0.0,0.0,0,1.0,0,0,0,0.0,1.0,1.0,0.0,0.0,0,1560,1559.0,0.9993589743589744,,0.0,0.0,0.0,S_118,,0.0,Acceptable,1,0,Needs Improvement
C_1732845,0,19,12,55,12,182,9.0,1.0,1,1.0,182,380,281,1.0,66.0,7.0,0.0,0.0,1,1536,1529.0,0.9954427083333334,460.5562,0.0,0.0,0.0,S_171,,0.1875,Acceptable,1,2,Excellent
C_766192,0,1,11,68,63,285,0.0,0.0,0,1.0,0,0,0,0.0,2.0,2.0,0.0,0.0,0,1525,1523.0,0.998688524590164,404.7384615384616,0.0,0.0,0.0,S_241,,0.0,Acceptable,1,0,Needs Improvement
C_677185,0,1,6,84,6,48,0.0,0.0,0,1.0,0,0,0,0.0,3.0,2.0,0.0,0.0,0,1505,1503.0,0.998671096345515,236.8197261904762,0.0,0.0,0.0,S_99,,0.0,Acceptable,1,1,Acceptable
C_766175,0,0,9,46,49,169,0.0,0.0,1,1.0,169,2229,1987,0.0,3.0,1.0,0.0,0.0,1,1455,1454.0,0.9993127147766324,405.6916739130435,0.0,0.0,0.0,S_241,,0.0,Acceptable,1,2,Excellent
C_697062,0,0,7,29,7,106,3.0,1.0,0,1.0,103,318,220,1.0,3.0,3.0,0.0,0.0,0,1450,1447.0,0.9979310344827588,,0.0,0.0,0.0,S_185,,0.1944444444444444,Excellent,2,2,Excellent
C_696808,0,1,4,22,4,12,0.0,0.0,0,1.0,0,0,0,0.0,2.0,2.0,0.0,0.0,0,1444,1442.0,0.9986149584487536,,0.0,0.0,0.0,S_12,547.0,0.0,Acceptable,1,1,Acceptable
C_674924,1,1,4,79,3,30,0.0,0.0,0,1.0,0,0,0,0.0,9.0,4.0,0.0,0.0,0,1442,1438.0,0.9972260748959778,451.50724,0.0,0.0,0.0,S_5,336.0,0.0,Acceptable,1,1,Acceptable
C_1824911,1,1,11,49,17,78,3.0,1.0,1,1.0,49,59,49,1.0,28.0,2.0,39.0,13.0,9,1409,1393.0,0.9886444286728177,,0.0,0.0,0.0,S_230,,0.15625,Needs Improvement,0,1,Acceptable
C_1736024,0,0,10,71,53,96,10.0,1.0,1,1.0,96,374,249,1.0,26.0,5.0,0.0,0.0,2,1401,1396.0,0.9964311206281228,,0.0,0.0,0.0,S_12,547.0,0.4608695652173913,Acceptable,1,2,Excellent
C_2059315,0,0,12,48,12,180,1.0,1.0,1,0.0,16,16,10,1.0,0.0,0.0,89.0,61.0,2,1376,1315.0,0.9556686046511628,,0.0,0.0,0.0,S_1190,,0.0166666666666666,Needs Improvement,0,0,Needs Improvement
C_696837,0,0,10,40,31,269,0.0,0.0,0,1.0,0,0,0,0.0,2.0,2.0,0.0,0.0,0,1372,1370.0,0.998542274052478,539.1225588235294,0.0,0.0,0.0,S_72,396.0,0.0,Needs Improvement,0,0,Needs Improvement
C_682520,0,0,11,48,21,104,0.0,0.0,0,0.0,0,0,0,0.0,0.0,0.0,0.0,0.0,0,1358,1358.0,1.0,638.7575319148935,0.0,0.0,0.0,S_154,,0.0,Needs Improvement,0,0,Needs Improvement
C_2059302,0,0,6,99,84,200,161.0,1.0,1,0.0,144,1878,1060,1.0,0.0,0.0,200.0,121.0,46,1307,1186.0,0.9074215761285388,,0.0,0.0,0.0,S_113,,0.3625,Excellent,2,1,Acceptable
C_681009,1,0,12,77,10,242,0.0,0.0,0,1.0,0,0,0,0.0,19.0,4.0,0.0,0.0,0,1255,1251.0,0.996812749003984,,0.0,0.0,0.0,S_107,489.0,0.0,Acceptable,1,1,Acceptable
C_697206,0,0,12,85,115,160,0.0,0.0,0,0.0,0,0,0,0.0,0.0,0.0,0.0,0.0,0,1252,1252.0,1.0,,0.0,0.0,0.0,S_37,252.0,0.0,Needs Improvement,0,0,Needs Improvement
C_1704762,7,9,5,328,170,414,106.0,1.0,1,1.0,414,15926,10858,1.0,96.0,20.0,1.0,1.0,241,1207,1186.0,0.9826014913007456,,0.0,0.0,0.0,S_63,,0.3396226415094339,Acceptable,1,1,Acceptable
C_735081,0,0,8,70,14,283,0.0,0.0,0,1.0,0,0,0,0.0,3.0,2.0,0.0,0.0,0,1183,1181.0,0.9983093829247676,,0.0,0.0,0.0,S_480,,0.0,Acceptable,1,1,Acceptable
C_948254,7,0,26,38,26,754,0.0,0.0,0,1.0,0,0,0,0.0,15.0,10.0,0.0,0.0,0,1175,1165.0,0.9914893617021276,,0.0,0.0,0.0,S_221,,0.0,Acceptable,1,0,Needs Improvement
C_707381,0,0,7,25,17,71,0.0,0.0,0,1.0,0,0,0,0.0,1.0,1.0,0.0,0.0,0,1174,1173.0,0.9991482112436116,,0.0,0.0,0.0,S_11,385.0,0.0,Acceptable,1,0,Needs Improvement
C_696931,0,0,5,28,4,121,1.0,1.0,0,0.0,68,95,68,0.8214285714285714,0.0,0.0,0.0,0.0,0,1167,1167.0,1.0,598.7891071428572,0.0,0.0,0.0,S_39,,0.0625,Excellent,2,2,Excellent
C_939349,0,0,5,24,17,148,0.0,0.0,0,0.0,0,0,0,0.0,0.0,0.0,0.0,0.0,0,1124,1124.0,1.0,,0.0,0.0,0.0,S_246,,0.0,Needs Improvement,0,0,Needs Improvement
C_682550,0,0,10,48,9,35,0.0,0.0,0,0.0,0,0,0,0.0,0.0,0.0,0.0,0.0,0,1117,1117.0,1.0,,0.0,0.0,0.0,S_21,,0.0,Needs Improvement,0,0,Needs Improvement
C_2009301,0,0,10,50,9,18,1.0,1.0,1,0.0,18,21,17,0.5,0.0,0.0,11.0,3.0,16,1053,1050.0,0.9971509971509972,,0.0,0.0,0.0,S_31,,0.0169491525423728,Excellent,2,0,Needs Improvement
C_682265,0,0,3,26,30,62,0.0,0.0,0,0.0,0,0,0,0.0,0.0,0.0,0.0,0.0,0,1034,1034.0,1.0,,0.0,0.0,0.0,S_144,316.0,0.0,Needs Improvement,0,0,Needs Improvement
C_737499,0,0,7,37,7,96,0.0,0.0,0,1.0,0,0,0,0.0,4.0,3.0,0.0,0.0,0,1015,1012.0,0.9970443349753696,,0.0,0.0,0.0,S_22,,0.0,Acceptable,1,1,Acceptable
C_682169,0,0,9,35,35,58,0.0,0.0,1,0.0,58,232,127,0.0,0.0,0.0,0.0,0.0,2,935,935.0,1.0,,0.0,0.0,0.0,S_58,245.0,0.0,Acceptable,1,2,Excellent
C_735118,0,0,9,22,21,62,0.0,0.0,0,1.0,45,125,82,0.0,3.0,2.0,0.0,0.0,0,927,925.0,0.9978425026968716,,0.0,0.0,0.0,S_7,271.0,0.0,Acceptable,1,2,Excellent
C_681535,0,0,5,5,0,0,0.0,0.0,0,0.0,0,0,0,0.0,0.0,0.0,0.0,0.0,0,853,853.0,1.0,,0.0,0.0,0.0,S_220,430.0,0.0,Needs Improvement,0,0,Needs Improvement
C_837991,0,0,10,50,46,375,0.0,0.0,0,1.0,0,0,0,0.0,19.0,7.0,0.0,0.0,0,819,812.0,0.9914529914529916,534.596775510204,0.0,0.0,0.0,S_63,,0.0,Needs Improvement,0,1,Acceptable
C_681411,0,1,8,30,20,257,0.0,0.0,0,1.0,257,1175,1056,0.0,9.0,4.0,0.0,0.0,0,811,807.0,0.995067817509248,404.42376666666667,0.0,0.0,0.0,S_205,,0.0,Excellent,2,2,Excellent
C_1123944,0,0,10,33,12,21,0.0,0.0,0,1.0,0,0,0,0.0,18.0,8.0,0.0,0.0,0,810,802.0,0.9901234567901236,,0.0,0.0,0.0,S_287,448.0,0.0,Acceptable,1,1,Acceptable
C_758204,0,0,4,29,30,180,0.0,0.0,0,1.0,0,0,0,0.0,1.0,1.0,0.0,0.0,0,772,771.0,0.9987046632124352,806.0122068965517,0.0,0.0,0.0,S_168,,0.0,Acceptable,1,0,Needs Improvement
C_905192,0,0,12,52,11,55,0.0,0.0,0,1.0,0,0,0,0.0,51.0,15.0,0.0,0.0,0,747,732.0,0.9799196787148594,365.05075,0.0,0.0,0.0,S_795,,0.0,Acceptable,1,1,Acceptable
C_2059286,0,0,8,40,1,2,0.0,0.0,1,0.0,1,1,0,0.0,0.0,0.0,224.0,101.0,23,740,639.0,0.8635135135135135,,0.0,0.0,0.0,S_534,,0.0,Needs Improvement,0,0,Needs Improvement
C_735441,0,0,10,54,37,174,0.0,0.0,0,0.0,0,0,0,0.0,0.0,0.0,0.0,0.0,0,738,738.0,1.0,824.1712222222222,0.0,0.0,0.0,S_6,302.0,0.0,Needs Improvement,0,0,Needs Improvement
C_696688,0,0,4,33,11,126,0.0,0.0,0,0.0,0,0,0,0.0,0.0,0.0,0.0,0.0,0,736,736.0,1.0,,0.0,0.0,0.0,S_234,,0.0,Acceptable,1,0,Needs Improvement
C_681336,0,0,7,47,20,5,0.0,0.0,0,0.0,5,11,0,0.0,0.0,0.0,0.0,0.0,0,686,686.0,1.0,344.60004444444445,0.0,0.0,0.0,S_196,,0.0,Needs Improvement,0,0,Needs Improvement
C_947160,1,0,7,37,7,124,0.0,0.0,0,1.0,0,0,0,0.0,4.0,2.0,0.0,0.0,0,664,662.0,0.9969879518072288,,0.0,0.0,0.0,S_491,,0.0,Acceptable,1,1,Acceptable
C_911131,0,2,8,68,36,287,0.0,0.0,0,1.0,0,0,0,0.0,8.0,1.0,0.0,0.0,0,663,662.0,0.9984917043740572,301.4007966101695,0.0,0.0,0.0,S_152,,0.0,Acceptable,1,1,Acceptable
C_682534,0,0,11,32,27,0,0.0,0.0,0,0.0,0,0,0,0.0,0.0,0.0,0.0,0.0,0,635,635.0,1.0,,0.0,0.0,0.0,S_185,,0.0,Needs Improvement,0,0,Needs Improvement
C_696696,0,0,8,26,8,40,0.0,0.0,0,0.0,0,0,0,0.0,0.0,0.0,0.0,0.0,0,623,623.0,1.0,908.9661538461538,0.0,0.0,0.0,S_32,,0.0,Acceptable,1,0,Needs Improvement
C_916835,0,1,7,46,7,212,0.0,0.0,1,1.0,0,0,0,0.0,1.0,1.0,0.0,0.0,1,597,596.0,0.998324958123953,555.1936086956522,0.0,0.0,0.0,S_104,,0.0,Acceptable,1,1,Acceptable
C_948080,0,0,10,76,10,139,0.0,0.0,0,1.0,0,0,0,0.0,1.0,1.0,0.0,0.0,0,596,595.0,0.9983221476510068,,0.0,0.0,0.0,S_685,,0.0,Acceptable,1,1,Acceptable
C_1811839,0,0,23,107,11,59,6.0,1.0,1,0.0,23,68,46,1.0,0.0,0.0,88.0,17.0,51,595,578.0,0.9714285714285714,479.9529252336449,0.0,0.0,0.0,S_137,,0.0338983050847457,Acceptable,1,1,Acceptable
C_825832,0,1,11,32,0,0,0.0,0.0,1,1.0,0,0,0,0.0,4.0,3.0,0.0,0.0,8,577,574.0,0.9948006932409011,1402.1215,0.0,0.0,0.0,S_1,20.0,0.0,Needs Improvement,0,0,Needs Improvement
C_735094,0,0,5,57,0,0,0.0,0.0,1,1.0,0,0,0,0.0,1.0,1.0,0.0,0.0,10,563,562.0,0.9982238010657194,,0.0,0.0,0.0,S_63,,0.0,Needs Improvement,0,0,Needs Improvement
C_696788,0,2,10,111,15,77,0.0,0.0,0,1.0,0,0,0,0.0,3.0,3.0,0.0,0.0,0,552,549.0,0.9945652173913044,173.26126126126127,0.0,0.0,0.0,S_37,252.0,0.0,Acceptable,1,1,Acceptable
C_1750795,0,0,10,70,52,188,23.0,1.0,1,1.0,188,1278,1032,1.0,21.0,6.0,1.0,1.0,8,543,536.0,0.9871086556169428,585.4996285714286,0.0,0.0,0.0,S_31,,0.4297520661157025,Acceptable,1,2,Excellent
C_1017419,1,1,9,17,9,141,7.0,1.0,0,1.0,141,374,273,1.0,15.0,2.0,0.0,0.0,0,534,529.0,0.9906367041198502,,0.0,0.0,0.0,S_52,,0.3461538461538461,Acceptable,1,2,Excellent
C_1755912,0,0,9,78,7,44,2.0,0.0,1,1.0,32,107,0,0.0,3.0,2.0,0.0,0.0,47,518,516.0,0.996138996138996,,0.0,0.0,0.0,S_1,20.0,0.0129870129870129,Acceptable,1,1,Acceptable
C_1741496,0,0,9,33,0,0,0.0,0.0,0,1.0,0,0,0,0.0,1.0,1.0,0.0,0.0,0,503,502.0,0.9980119284294234,708.4112727272727,0.0,0.0,0.0,S_712,,0.0,Needs Improvement,0,0,Needs Improvement
C_1784708,0,0,11,61,10,407,0.0,0.0,1,0.0,188,1325,981,0.0,0.0,0.0,9.0,2.0,3,496,494.0,0.995967741935484,569.7821090909091,0.0,0.0,0.0,S_72,396.0,0.0,Acceptable,1,2,Excellent
C_696656,0,0,6,32,6,157,0.0,0.0,0,1.0,0,0,0,0.0,1.0,1.0,0.0,0.0,0,480,479.0,0.9979166666666668,734.9130625,0.0,0.0,0.0,S_104,,0.0,Acceptable,1,1,Acceptable
C_681592,0,0,15,61,0,0,0.0,0.0,0,0.0,0,0,0,0.0,0.0,0.0,0.0,0.0,0,473,473.0,1.0,,0.0,0.0,0.0,S_129,205.0,0.0,Needs Improvement,0,0,Needs Improvement
C_1755955,0,0,9,61,0,0,0.0,0.0,1,1.0,0,0,0,0.0,2.0,1.0,0.0,0.0,28,455,454.0,0.9978021978021978,223.3165833333333,0.0,0.0,0.0,S_57,1.0,0.0,Needs Improvement,0,0,Needs Improvement
C_696803,0,0,5,16,1,20,0.0,0.0,0,0.0,20,20,8,0.0,0.0,0.0,0.0,0.0,0,449,449.0,1.0,,0.0,0.0,0.0,,205.0,0.0,Acceptable,1,2,Excellent
C_696877,0,0,14,102,13,91,0.0,0.0,0,0.0,0,0,0,0.0,0.0,0.0,0.0,0.0,0,448,448.0,1.0,438.0448137254901,0.0,0.0,0.0,S_1,20.0,0.0,Needs Improvement,0,0,Needs Improvement
C_1778271,0,0,1,1,0,0,0.0,0.0,0,1.0,0,0,0,0.0,1.0,1.0,0.0,0.0,0,415,414.0,0.9975903614457832,,0.0,0.0,0.0,,205.0,0.0,Needs Improvement,0,0,Needs Improvement
C_1916207,0,0,1,1,0,0,0.0,0.0,1,0.0,0,0,0,0.0,0.0,0.0,25.0,25.0,1,413,388.0,0.9394673123486684,,0.0,0.0,0.0,S_63,,0.0,Acceptable,1,0,Needs Improvement
C_1924175,0,0,9,12,0,0,0.0,0.0,1,0.0,0,0,0,0.0,0.0,0.0,38.0,21.0,9,412,391.0,0.9490291262135924,,0.0,0.0,0.0,S_1,20.0,0.0,Needs Improvement,0,0,Needs Improvement
C_1678971,0,2,7,7,0,0,0.0,0.0,1,1.0,0,0,0,0.0,2.0,1.0,0.0,0.0,7,408,407.0,0.9975490196078431,,0.0,0.0,0.0,S_1077,,0.0,Acceptable,1,0,Needs Improvement
C_682273,0,0,4,8,3,113,0.0,0.0,0,0.0,0,0,0,0.0,0.0,0.0,0.0,0.0,0,402,402.0,1.0,,0.0,0.0,0.0,S_50,,0.0,Needs Improvement,0,0,Needs Improvement
C_810834,0,0,5,85,84,217,0.0,0.0,0,0.0,0,0,0,0.0,0.0,0.0,0.0,0.0,0,367,367.0,1.0,,0.0,0.0,0.0,S_73,,0.0,Acceptable,1,0,Needs Improvement
C_735131,1,1,5,33,31,122,0.0,0.0,0,1.0,0,0,0,0.0,2.0,1.0,0.0,0.0,0,363,362.0,0.9972451790633609,,0.0,0.0,0.0,S_333,,0.0,Acceptable,1,0,Needs Improvement
C_948240,0,0,11,42,11,137,0.0,0.0,0,0.0,0,0,0,0.0,0.0,0.0,0.0,0.0,0,347,347.0,1.0,,0.0,0.0,0.0,S_51,,0.0,Needs Improvement,0,0,Needs Improvement
C_1944722,0,0,8,30,7,241,3.0,1.0,1,0.0,115,209,137,0.8690476190476191,0.0,0.0,14.0,8.0,10,319,310.0,0.9717868338557992,,0.0,0.0,0.0,S_148,,0.081081081081081,Acceptable,1,1,Acceptable
C_2218203,0,1,6,161,0,0,0.0,0.0,0,1.0,0,0,0,0.0,1.0,1.0,0.0,0.0,0,297,296.0,0.9966329966329966,,0.0,0.0,0.0,S_31,,0.0,Needs Improvement,0,0,Needs Improvement
C_1894914,0,1,8,44,0,0,0.0,0.0,1,1.0,0,0,0,0.0,2.0,2.0,116.0,57.0,34,294,235.0,0.7993197278911565,,0.0,0.0,0.0,S_63,,0.0,Needs Improvement,0,0,Needs Improvement
C_1527407,0,1,4,31,4,40,5.0,1.0,0,1.0,39,75,45,1.0,1.0,1.0,0.0,0.0,0,294,293.0,0.9965986394557824,,0.0,0.0,0.0,S_31,,0.1142857142857142,Acceptable,1,2,Excellent
C_1756058,0,0,15,258,110,365,6.0,1.0,1,0.0,362,564,189,0.7921348314606742,0.0,0.0,0.0,0.0,51,289,289.0,1.0,338.62711417322834,0.0,0.0,0.0,S_1,20.0,0.154891304347826,Acceptable,1,1,Acceptable
C_681420,0,0,6,47,6,104,0.0,0.0,0,0.0,0,0,0,0.0,0.0,0.0,0.0,0.0,0,283,283.0,1.0,374.41218421052633,0.0,0.0,0.0,S_80,,0.0,Needs Improvement,0,0,Needs Improvement
C_1778560,0,0,8,39,8,96,2.0,1.0,1,1.0,96,247,182,1.0,10.0,3.0,0.0,0.0,1,274,271.0,0.9890510948905108,930.591,0.0,0.0,0.0,S_964,,0.1739130434782608,Excellent,2,2,Excellent
C_697327,0,0,7,24,7,143,0.0,0.0,0,0.0,0,0,0,0.0,0.0,0.0,0.0,0.0,0,273,273.0,1.0,,0.0,0.0,0.0,S_102,,0.0,Needs Improvement,0,0,Needs Improvement
C_696759,0,0,8,24,9,105,0.0,0.0,0,1.0,0,0,0,0.0,2.0,1.0,0.0,0.0,0,272,271.0,0.9963235294117648,457.7942608695652,0.0,0.0,0.0,S_37,252.0,0.0,Acceptable,1,1,Acceptable
C_1912005,0,0,21,103,65,1570,0.0,0.0,1,1.0,126,173,94,0.0,1.0,1.0,0.0,0.0,3,250,249.0,0.996,,0.0,0.0,0.0,S_230,,0.0,Excellent,2,1,Acceptable
C_1761460,0,0,13,103,10,100,0.0,0.0,1,0.0,0,0,0,0.0,0.0,0.0,0.0,0.0,22,226,226.0,1.0,457.35542696629216,0.0,0.0,0.0,S_1,20.0,0.0,Needs Improvement,0,0,Needs Improvement
C_1124039,0,0,12,84,4,4,0.0,0.0,0,1.0,0,0,0,0.0,2.0,2.0,0.0,0.0,0,220,218.0,0.990909090909091,,0.0,0.0,0.0,S_857,,0.0,Acceptable,1,0,Needs Improvement
C_2320819,0,0,4,39,13,135,0.0,0.0,0,0.0,25,45,31,0.0,0.0,0.0,0.0,0.0,0,210,210.0,1.0,,0.0,0.0,0.0,S_230,,0.0,Needs Improvement,0,2,Excellent
C_681681,0,0,7,40,2,21,0.0,0.0,0,0.0,0,0,0,0.0,0.0,0.0,0.0,0.0,0,194,194.0,1.0,,0.0,0.0,0.0,S_233,1201.0,0.0,Needs Improvement,0,0,Needs Improvement
C_1776297,0,0,8,50,50,250,1.0,1.0,0,0.0,5,5,2,0.4,0.0,0.0,0.0,0.0,0,192,192.0,1.0,,0.0,0.0,0.0,S_917,,0.0116279069767441,Needs Improvement,0,0,Needs Improvement
C_1774971,0,0,16,47,63,455,8.0,1.0,1,1.0,450,1681,1152,1.0,60.0,3.0,0.0,0.0,5,192,186.0,0.96875,634.5084468085107,0.0,0.0,0.0,S_11,385.0,0.6702127659574468,Acceptable,1,2,Excellent
C_681186,0,0,7,45,7,87,0.0,0.0,0,0.0,0,0,0,0.0,0.0,0.0,0.0,0.0,0,177,177.0,1.0,,0.0,0.0,0.0,S_187,1001.0,0.0,Needs Improvement,0,0,Needs Improvement
C_1774963,0,0,8,58,14,169,1.0,1.0,1,0.0,44,44,44,1.0,0.0,0.0,4.0,2.0,6,170,168.0,0.9882352941176472,538.4707346938775,0.0,0.0,0.0,S_221,,0.0833333333333333,Acceptable,1,0,Needs Improvement
C_1903962,0,0,9,42,42,242,6.0,1.0,1,0.0,242,484,365,1.0,0.0,0.0,38.0,8.0,17,170,162.0,0.9529411764705882,,0.0,0.0,0.0,S_494,,0.5,Acceptable,1,2,Excellent
C_1628052,0,0,3,39,14,54,0.0,0.0,1,0.0,54,356,304,0.0,0.0,0.0,0.0,0.0,16,167,167.0,1.0,,0.0,0.0,0.0,S_891,205.0,0.0,Excellent,2,2,Excellent
C_1755899,0,0,7,35,14,101,4.0,1.0,1,1.0,101,175,153,1.0,1.0,1.0,0.0,0.0,2,164,163.0,0.9939024390243902,724.3272105263158,0.0,0.0,0.0,S_1,20.0,0.2857142857142857,Acceptable,1,2,Excellent
C_1771153,0,0,7,56,13,183,1.0,0.0,1,0.0,2,2,0,0.0,0.0,0.0,0.0,0.0,2,155,155.0,1.0,931.4779454545454,0.0,0.0,0.0,S_35,377.0,0.0289855072463768,Needs Improvement,0,0,Needs Improvement
C_1784322,0,1,8,28,0,0,0.0,0.0,1,1.0,0,0,0,0.0,3.0,3.0,0.0,0.0,8,142,139.0,0.9788732394366196,,0.0,0.0,0.0,S_263,901.0,0.0,Needs Improvement,0,0,Needs Improvement
C_1992935,0,0,11,101,42,119,7.0,1.0,1,0.0,42,72,37,0.725,0.0,0.0,98.0,11.0,16,142,131.0,0.9225352112676056,,0.0,0.0,0.0,S_1306,,0.0839160839160839,Acceptable,1,1,Acceptable
C_1889028,0,0,5,17,0,0,0.0,0.0,1,0.0,0,0,0,0.0,0.0,0.0,35.0,7.0,1,141,134.0,0.950354609929078,,0.0,0.0,0.0,,205.0,0.0,Needs Improvement,0,0,Needs Improvement
C_2059288,0,0,7,25,7,63,1.0,0.0,0,0.0,3,3,2,0.0,0.0,0.0,4.0,2.0,0,140,138.0,0.9857142857142858,,0.0,0.0,0.0,S_52,,0.03125,Needs Improvement,0,0,Needs Improvement
C_680807,0,0,16,116,15,255,0.0,0.0,0,0.0,0,0,0,0.0,0.0,0.0,0.0,0.0,0,137,137.0,1.0,,0.0,0.0,0.0,S_72,396.0,0.0,Needs Improvement,0,0,Needs Improvement
C_1755961,0,0,5,8,12,55,2.0,1.0,1,1.0,51,84,71,1.0,3.0,3.0,0.0,0.0,1,133,130.0,0.9774436090225564,220.0228571428572,0.0,0.0,0.0,S_75,12.0,0.0555555555555555,Acceptable,1,1,Acceptable
C_1761462,0,0,15,84,69,178,2.0,1.0,1,0.0,46,65,46,1.0,0.0,0.0,0.0,0.0,1,127,127.0,1.0,472.33042857142857,0.0,0.0,0.0,S_1,20.0,0.0068493150684931,Needs Improvement,0,1,Acceptable
C_2009086,0,0,7,19,2,21,0.0,0.0,1,0.0,20,101,78,0.0,0.0,0.0,0.0,0.0,17,114,114.0,1.0,,0.0,0.0,0.0,S_63,,0.0,Excellent,2,2,Excellent
C_1753434,5,5,9,18,13,29,28.0,1.0,1,1.0,29,510,220,1.0,57.0,18.0,0.0,0.0,2,113,95.0,0.8407079646017699,,0.0,0.0,0.0,S_1,20.0,0.4193548387096774,Acceptable,1,1,Acceptable
C_1755925,0,0,11,19,15,63,1.0,1.0,1,1.0,63,178,143,0.8055555555555556,1.0,1.0,0.0,0.0,2,111,110.0,0.990990990990991,,0.0,0.0,0.0,S_58,245.0,0.2352941176470588,Acceptable,1,2,Excellent
C_1789687,0,0,8,56,8,53,0.0,0.0,1,0.0,50,171,136,0.0,0.0,0.0,0.0,0.0,21,109,109.0,1.0,409.699375,0.0,0.0,0.0,S_137,,0.0,Excellent,2,2,Excellent
C_1771634,0,0,10,70,52,192,1.0,1.0,1,0.0,4,4,1,0.25,0.0,0.0,0.0,0.0,7,109,109.0,1.0,589.899984375,0.0,0.0,0.0,S_31,,0.0330578512396694,Needs Improvement,0,0,Needs Improvement
C_1992941,0,0,16,39,16,80,0.0,0.0,1,0.0,5,5,4,0.0,0.0,0.0,6.0,5.0,1,109,104.0,0.9541284403669724,,0.0,0.0,0.0,S_39,,0.0,Needs Improvement,0,0,Needs Improvement
C_2141872,0,0,6,36,14,68,0.0,0.0,1,0.0,0,0,0,0.0,0.0,0.0,5.0,2.0,1,106,103.0,0.9716981132075472,,0.0,0.0,0.0,S_35,377.0,0.0,Needs Improvement,0,0,Needs Improvement
C_830572,0,0,12,128,24,200,0.0,0.0,0,0.0,100,898,657,0.0,0.0,0.0,0.0,0.0,0,105,105.0,1.0,452.90032258064514,0.0,0.0,0.0,S_1,20.0,0.0,Acceptable,1,2,Excellent
C_1774983,0,0,10,63,10,98,1.0,1.0,1,0.0,98,98,88,0.8979591836734694,0.0,0.0,0.0,0.0,2,103,103.0,1.0,575.4530952380952,0.0,0.0,0.0,S_36,,0.136986301369863,Excellent,2,2,Excellent
C_2244915,0,0,5,28,33,148,1.0,1.0,1,0.0,18,18,15,0.75,0.0,0.0,16.0,4.0,13,102,98.0,0.9607843137254902,,0.0,0.0,0.0,S_76,901.0,0.0714285714285714,Acceptable,1,0,Needs Improvement
C_1918356,0,0,10,31,30,78,0.0,0.0,1,0.0,18,32,24,0.0,0.0,0.0,6.0,4.0,1,98,94.0,0.9591836734693876,593.0387222222222,0.0,0.0,0.0,S_971,,0.0,Needs Improvement,0,0,Needs Improvement
C_2229906,0,0,11,49,10,177,2.0,1.0,1,1.0,45,87,44,0.5454545454545454,5.0,1.0,12.0,7.0,7,98,91.0,0.9285714285714286,,0.0,0.0,0.0,S_415,,0.0338983050847457,Acceptable,1,1,Acceptable
C_1774965,0,0,4,44,4,55,2.0,1.0,1,1.0,55,56,29,0.5272727272727272,3.0,1.0,0.0,0.0,1,97,96.0,0.9896907216494846,,0.0,0.0,0.0,S_144,316.0,0.0833333333333333,Excellent,2,1,Acceptable
C_1778570,0,0,16,59,10,241,2.0,1.0,1,0.0,4,5,2,0.5,0.0,0.0,1.0,1.0,1,96,95.0,0.9895833333333334,422.8200192307692,0.0,0.0,0.0,S_111,,0.0298507462686567,Needs Improvement,0,0,Needs Improvement
C_1818546,0,0,1,0,1,3,0.0,0.0,0,0.0,1,1,0,0.0,0.0,0.0,0.0,0.0,0,94,94.0,1.0,,0.0,0.0,0.0,S_1,20.0,0.0,Acceptable,1,0,Needs Improvement
C_681707,0,0,18,58,11,183,0.0,0.0,0,0.0,0,0,0,0.0,0.0,0.0,0.0,0.0,0,88,88.0,1.0,,0.0,0.0,0.0,S_187,1001.0,0.0,Needs Improvement,0,0,Needs Improvement
C_2292312,0,0,5,35,0,0,0.0,0.0,1,0.0,0,0,0,0.0,0.0,0.0,1.0,1.0,1,88,87.0,0.9886363636363636,,0.0,0.0,0.0,S_6,302.0,0.0,Needs Improvement,0,0,Needs Improvement
C_1682756,0,1,8,17,7,15,12.0,0.0,1,1.0,15,108,0,0.0,103.0,19.0,0.0,0.0,9,84,65.0,0.7738095238095238,,0.0,0.0,0.0,S_63,,0.25,Excellent,2,1,Acceptable
C_1764852,0,0,8,53,17,268,1.0,1.0,1,0.0,158,160,128,0.5,0.0,0.0,0.0,0.0,27,83,83.0,1.0,560.6080566037735,0.0,0.0,0.0,S_159,141.0,0.0142857142857142,Acceptable,1,2,Excellent
C_937285,0,0,7,47,7,56,0.0,0.0,1,1.0,0,0,0,0.0,2.0,2.0,0.0,0.0,1,81,79.0,0.9753086419753086,,0.0,0.0,0.0,S_63,,0.0,Acceptable,1,1,Acceptable
C_735345,0,0,9,38,44,106,0.0,0.0,0,0.0,0,0,0,0.0,0.0,0.0,0.0,0.0,0,78,78.0,1.0,,0.0,0.0,0.0,S_107,489.0,0.0,Needs Improvement,0,0,Needs Improvement
C_2066082,0,0,10,40,7,54,0.0,0.0,0,0.0,0,0,0,0.0,0.0,0.0,1.0,1.0,0,78,77.0,0.9871794871794872,,0.0,0.0,0.0,,205.0,0.0,Needs Improvement,0,0,Needs Improvement
C_1925901,0,0,10,75,28,220,0.0,0.0,0,0.0,33,40,22,0.0,0.0,0.0,0.0,0.0,0,76,76.0,1.0,401.9296981132076,0.0,0.0,0.0,S_1262,,0.0,Needs Improvement,0,0,Needs Improvement
C_1886664,0,0,9,34,39,43,0.0,0.0,1,1.0,0,0,0,0.0,1.0,1.0,33.0,6.0,3,75,68.0,0.9066666666666666,,0.0,0.0,0.0,S_114,,0.0,Needs Improvement,0,0,Needs Improvement
C_2221596,0,0,8,16,8,33,0.0,0.0,1,0.0,4,5,4,0.0,0.0,0.0,4.0,2.0,1,74,72.0,0.972972972972973,,0.0,0.0,0.0,S_793,,0.0,Needs Improvement,0,0,Needs Improvement
C_2199445,0,0,7,74,7,42,0.0,0.0,1,0.0,0,0,0,0.0,0.0,0.0,15.0,7.0,7,73,66.0,0.9041095890410958,,0.0,0.0,0.0,S_330,,0.0,Needs Improvement,0,0,Needs Improvement
C_1898449,0,0,12,67,12,179,1.0,1.0,1,0.0,17,17,12,0.8,0.0,0.0,1.0,1.0,1,72,71.0,0.9861111111111112,376.8431343283583,0.0,0.0,0.0,S_246,,0.0126582278481012,Needs Improvement,0,0,Needs Improvement
C_1784704,0,0,7,23,6,94,0.0,0.0,0,0.0,0,0,0,0.0,0.0,0.0,0.0,0.0,0,71,71.0,1.0,557.4233913043478,0.0,0.0,0.0,S_121,,0.0,Needs Improvement,0,0,Needs Improvement
C_2328470,0,0,13,30,13,66,0.0,0.0,0,0.0,16,20,11,0.0,0.0,0.0,0.0,0.0,0,70,70.0,1.0,,0.0,0.0,0.0,S_964,,0.0,Needs Improvement,0,0,Needs Improvement
C_1771155,0,0,10,22,19,152,2.0,1.0,0,1.0,134,141,136,1.0,5.0,1.0,0.0,0.0,0,69,68.0,0.9855072463768116,578.3390952380952,0.0,0.0,0.0,S_31,,0.4324324324324324,Excellent,2,2,Excellent
C_2229928,0,0,7,58,24,58,0.0,0.0,0,0.0,9,9,3,0.0,0.0,0.0,2.0,1.0,0,68,67.0,0.9852941176470588,,0.0,0.0,0.0,S_1320,,0.0,Needs Improvement,0,0,Needs Improvement
C_1891049,0,0,8,62,56,505,1.0,0.0,1,0.0,2,2,1,0.0,0.0,0.0,3.0,2.0,1,66,64.0,0.9696969696969696,,0.0,0.0,0.0,S_31,,0.0095238095238095,Needs Improvement,0,0,Needs Improvement
C_1766169,0,0,4,45,0,0,0.0,0.0,1,0.0,0,0,0,0.0,0.0,0.0,0.0,0.0,7,62,62.0,1.0,668.03,0.0,0.0,0.0,S_31,,0.0,Acceptable,1,0,Needs Improvement
C_681038,1,0,10,62,50,169,0.0,0.0,0,1.0,0,0,0,0.0,1.0,1.0,0.0,0.0,0,58,57.0,0.9827586206896552,491.26878571428574,0.0,0.0,0.0,S_157,,0.0,Needs Improvement,0,0,Needs Improvement
C_1886685,0,0,7,58,5,75,0.0,0.0,0,0.0,0,0,0,0.0,0.0,0.0,2.0,2.0,0,51,49.0,0.9607843137254902,619.03,0.0,0.0,0.0,S_31,,0.0,Needs Improvement,0,0,Needs Improvement
C_1906186,0,0,8,70,8,318,27.0,1.0,1,1.0,241,2744,2357,1.0,2.0,2.0,104.0,12.0,56,50,37.0,0.74,,0.0,0.0,0.0,S_35,377.0,0.1025641025641025,Acceptable,1,1,Acceptable
C_629558,0,0,31,62,29,552,0.0,0.0,0,0.0,0,0,0,0.0,0.0,0.0,0.0,0.0,0,48,48.0,1.0,,0.0,0.0,0.0,S_1,20.0,0.0,Needs Improvement,0,0,Needs Improvement
C_629503,0,0,12,68,55,109,0.0,0.0,0,0.0,0,0,0,0.0,0.0,0.0,0.0,0.0,0,48,48.0,1.0,355.0808529411765,0.0,0.0,0.0,S_1,20.0,0.0,Needs Improvement,0,0,Needs Improvement
C_654506,0,0,1,3,0,0,0.0,0.0,0,0.0,0,0,0,0.0,0.0,0.0,0.0,0.0,0,47,47.0,1.0,,0.0,0.0,0.0,S_1,20.0,0.0,Needs Improvement,0,0,Needs Improvement
C_2308303,0,0,8,57,8,208,1.0,1.0,0,0.0,208,216,124,0.8571428571428571,0.0,0.0,0.0,0.0,0,47,47.0,1.0,,0.0,0.0,0.0,S_36,,0.015625,Acceptable,1,2,Excellent
C_735086,0,0,7,44,0,0,0.0,0.0,0,0.0,0,0,0,0.0,0.0,0.0,0.0,0.0,0,47,47.0,1.0,698.2734318181818,0.0,0.0,0.0,S_64,448.0,0.0,Needs Improvement,0,0,Needs Improvement
C_2335749,0,0,6,39,6,125,0.0,0.0,0,0.0,0,0,0,0.0,0.0,0.0,0.0,0.0,0,46,46.0,1.0,,0.0,0.0,0.0,S_1075,,0.0,Needs Improvement,0,0,Needs Improvement
C_2221597,0,0,13,67,12,120,0.0,0.0,1,0.0,10,10,6,0.0,0.0,0.0,6.0,5.0,1,46,41.0,0.8913043478260869,,0.0,0.0,0.0,S_31,,0.0,Needs Improvement,0,0,Needs Improvement
C_2308086,0,0,14,51,14,177,0.0,0.0,0,0.0,0,0,0,0.0,0.0,0.0,0.0,0.0,0,46,46.0,1.0,,0.0,0.0,0.0,S_286,,0.0,Needs Improvement,0,0,Needs Improvement
C_1929045,0,2,4,27,5,16,15.0,1.0,1,1.0,16,230,187,1.0,11.0,8.0,62.0,17.0,18,46,27.0,0.5869565217391305,,0.0,0.0,0.0,S_263,901.0,0.15625,Needs Improvement,0,1,Acceptable
C_1891042,0,0,8,20,8,75,1.0,1.0,0,0.0,9,10,6,0.6666666666666666,0.0,0.0,0.0,0.0,0,45,45.0,1.0,,0.0,0.0,0.0,S_31,,0.074074074074074,Needs Improvement,0,0,Needs Improvement
C_707064,0,0,5,9,3,20,0.0,0.0,0,0.0,0,0,0,0.0,0.0,0.0,0.0,0.0,0,42,42.0,1.0,,0.0,0.0,0.0,S_28,,0.0,Needs Improvement,0,0,Needs Improvement
C_2308085,0,0,9,84,80,264,0.0,0.0,0,0.0,60,68,51,0.0,0.0,0.0,0.0,0.0,0,42,42.0,1.0,,0.0,0.0,0.0,S_1405,,0.0,Needs Improvement,0,0,Needs Improvement
C_758961,0,0,40,160,2,11,0.0,0.0,0,0.0,0,0,0,0.0,0.0,0.0,0.0,0.0,0,37,37.0,1.0,782.8306875000001,0.0,0.0,0.0,S_37,252.0,0.0,Needs Improvement,0,0,Needs Improvement
C_681575,0,0,4,73,3,40,0.0,0.0,0,0.0,0,0,0,0.0,0.0,0.0,0.0,0.0,0,37,37.0,1.0,,0.0,0.0,0.0,S_222,205.0,0.0,Needs Improvement,0,0,Needs Improvement
C_1755930,0,0,9,28,1,21,0.0,0.0,0,0.0,0,0,0,0.0,0.0,0.0,0.0,0.0,0,35,35.0,1.0,,0.0,0.0,0.0,S_22,,0.0,Needs Improvement,0,0,Needs Improvement
C_1808517,0,0,7,49,27,457,1.0,1.0,0,0.0,3,3,3,1.0,0.0,0.0,0.0,0.0,0,35,35.0,1.0,404.83123076923073,0.0,0.0,0.0,S_111,,0.0298507462686567,Needs Improvement,0,0,Needs Improvement
C_1909583,0,0,6,40,6,104,2.0,1.0,1,0.0,3,3,2,0.6666666666666666,0.0,0.0,2.0,1.0,2,26,25.0,0.9615384615384616,510.1103125,0.0,0.0,0.0,S_221,,0.0697674418604651,Needs Improvement,0,0,Needs Improvement
C_680892,0,0,6,40,3,3,0.0,0.0,0,0.0,0,0,0,0.0,0.0,0.0,0.0,0.0,0,24,24.0,1.0,542.537375,0.0,0.0,0.0,S_1,20.0,0.0,Needs Improvement,0,0,Needs Improvement
C_2316361,0,0,4,32,17,26,0.0,0.0,0,0.0,2,2,1,0.0,0.0,0.0,0.0,0.0,0,22,22.0,1.0,,0.0,0.0,0.0,S_197,,0.0,Needs Improvement,0,0,Needs Improvement
C_1771175,0,0,11,31,6,34,0.0,0.0,1,0.0,0,0,0,0.0,0.0,0.0,2.0,1.0,2,22,21.0,0.9545454545454546,373.4325806451613,0.0,0.0,0.0,S_494,,0.0,Needs Improvement,0,0,Needs Improvement
C_676692,0,0,9,78,10,141,0.0,0.0,0,0.0,0,0,0,0.0,0.0,0.0,0.0,0.0,0,21,21.0,1.0,,0.0,0.0,0.0,S_64,448.0,0.0,Needs Improvement,0,0,Needs Improvement
C_697167,0,0,7,58,0,0,0.0,0.0,0,0.0,0,0,0,0.0,0.0,0.0,0.0,0.0,0,19,19.0,1.0,,0.0,0.0,0.0,,205.0,0.0,Needs Improvement,0,0,Needs Improvement
C_2228534,0,0,7,7,0,0,0.0,0.0,0,0.0,0,0,0,0.0,0.0,0.0,0.0,0.0,0,18,18.0,1.0,,0.0,0.0,0.0,S_63,,0.0,Needs Improvement,0,0,Needs Improvement
C_681706,0,0,1,12,0,0,0.0,0.0,0,0.0,0,0,0,0.0,0.0,0.0,0.0,0.0,0,18,18.0,1.0,,0.0,0.0,0.0,S_63,,0.0,Needs Improvement,0,0,Needs Improvement
C_2342503,0,0,8,85,17,188,0.0,0.0,0,0.0,0,0,0,0.0,0.0,0.0,0.0,0.0,0,18,18.0,1.0,,0.0,0.0,0.0,S_502,,0.0,Needs Improvement,0,0,Needs Improvement
C_734067,0,0,3,8,0,0,0.0,0.0,0,0.0,0,0,0,0.0,0.0,0.0,0.0,0.0,0,17,17.0,1.0,,0.0,0.0,0.0,S_1,20.0,0.0,Needs Improvement,0,0,Needs Improvement
C_2328496,0,0,8,39,8,96,0.0,0.0,0,0.0,96,96,94,0.0,0.0,0.0,0.0,0.0,0,17,17.0,1.0,930.591,0.0,0.0,0.0,S_964,,0.0,Excellent,2,2,Excellent
C_697639,0,0,13,49,9,3,0.0,0.0,0,0.0,0,0,0,0.0,0.0,0.0,0.0,0.0,0,15,15.0,1.0,,0.0,0.0,0.0,S_188,205.0,0.0,Needs Improvement,0,0,Needs Improvement
C_2266775,0,0,9,33,30,348,0.0,0.0,0,0.0,0,0,0,0.0,0.0,0.0,0.0,0.0,0,15,15.0,1.0,,0.0,0.0,0.0,S_475,,0.0,Needs Improvement,0,0,Needs Improvement
C_1925913,0,0,8,55,8,61,0.0,0.0,0,0.0,0,0,0,0.0,0.0,0.0,0.0,0.0,0,13,13.0,1.0,555.47475,0.0,0.0,0.0,S_486,,0.0,Needs Improvement,0,0,Needs Improvement
C_2151882,0,0,11,11,0,0,0.0,0.0,0,0.0,0,0,0,0.0,0.0,0.0,0.0,0.0,0,12,12.0,1.0,,0.0,0.0,0.0,S_63,,0.0,Needs Improvement,0,0,Needs Improvement
C_681304,0,0,9,32,7,49,0.0,0.0,0,0.0,0,0,0,0.0,0.0,0.0,0.0,0.0,0,12,12.0,1.0,,0.0,0.0,0.0,S_8,,0.0,Needs Improvement,0,0,Needs Improvement
C_2180023,0,0,10,10,0,0,0.0,0.0,0,0.0,0,0,0,0.0,0.0,0.0,0.0,0.0,0,11,11.0,1.0,,0.0,0.0,0.0,S_63,,0.0,Needs Improvement,0,0,Needs Improvement
C_2328553,0,0,9,60,27,172,0.0,0.0,0,0.0,0,0,0,0.0,0.0,0.0,0.0,0.0,0,10,10.0,1.0,,0.0,0.0,0.0,S_1448,,0.0,Needs Improvement,0,0,Needs Improvement
C_2199303,0,0,7,7,0,0,0.0,0.0,0,0.0,0,0,0,0.0,0.0,0.0,0.0,0.0,0,10,10.0,1.0,,0.0,0.0,0.0,S_63,,0.0,Needs Improvement,0,0,Needs Improvement
C_2228999,0,0,8,8,0,0,0.0,0.0,0,0.0,0,0,0,0.0,0.0,0.0,0.0,0.0,0,10,10.0,1.0,,0.0,0.0,0.0,S_63,,0.0,Needs Improvement,0,0,Needs Improvement
C_2221879,0,0,17,17,0,0,0.0,0.0,0,0.0,0,0,0,0.0,0.0,0.0,0.0,0.0,0,10,10.0,1.0,,0.0,0.0,0.0,S_63,,0.0,Needs Improvement,0,0,Needs Improvement
C_2199458,0,0,10,12,0,0,0.0,0.0,0,0.0,0,0,0,0.0,0.0,0.0,0.0,0.0,0,10,10.0,1.0,,0.0,0.0,0.0,S_63,,0.0,Needs Improvement,0,0,Needs Improvement
C_597208,0,0,11,68,57,257,0.0,0.0,0,0.0,0,0,0,0.0,0.0,0.0,0.0,0.0,0,10,10.0,1.0,864.474406779661,0.0,0.0,0.0,S_1,20.0,0.0,Needs Improvement,0,0,Needs Improvement
C_1915175,0,0,5,120,0,0,0.0,0.0,1,0.0,0,0,0,0.0,0.0,0.0,4.0,3.0,12,9,6.0,0.6666666666666666,,0.0,0.0,0.0,S_63,,0.0,Needs Improvement,0,0,Needs Improvement
C_1906203,0,0,4,108,0,0,0.0,0.0,1,0.0,0,0,0,0.0,0.0,0.0,16.0,3.0,13,9,6.0,0.6666666666666666,,0.0,0.0,0.0,S_63,,0.0,Needs Improvement,0,0,Needs Improvement
C_2308105,0,0,9,57,0,0,0.0,0.0,0,0.0,0,0,0,0.0,0.0,0.0,0.0,0.0,0,8,8.0,1.0,,0.0,0.0,0.0,S_35,377.0,0.0,Needs Improvement,0,0,Needs Improvement
C_1736357,0,0,9,23,0,0,0.0,0.0,1,0.0,0,0,0,0.0,0.0,0.0,0.0,0.0,9,7,7.0,1.0,,0.0,0.0,0.0,S_63,,0.0,Needs Improvement,0,0,Needs Improvement
C_682753,0,0,8,82,1,1,0.0,0.0,0,0.0,0,0,0,0.0,0.0,0.0,0.0,0.0,0,6,6.0,1.0,,0.0,0.0,0.0,S_145,,0.0,Needs Improvement,0,0,Needs Improvement
C_1736345,0,0,11,57,0,0,0.0,0.0,1,0.0,0,0,0,0.0,0.0,0.0,0.0,0.0,12,6,6.0,1.0,,0.0,0.0,0.0,S_63,,0.0,Needs Improvement,0,0,Needs Improvement
C_680736,0,0,4,15,4,80,0.0,0.0,0,0.0,0,0,0,0.0,0.0,0.0,0.0,0.0,0,4,4.0,1.0,,0.0,0.0,0.0,S_1,20.0,0.0,Needs Improvement,0,0,Needs Improvement
C_862634,0,0,13,500,76,299,0.0,0.0,0,0.0,0,0,0,0.0,0.0,0.0,0.0,0.0,0,4,4.0,1.0,250.87125651302603,0.0,0.0,0.0,S_1,20.0,0.0,Needs Improvement,0,0,Needs Improvement
C_654397,0,0,2,3,2,7,0.0,0.0,0,0.0,0,0,0,0.0,0.0,0.0,0.0,0.0,0,3,3.0,1.0,,0.0,0.0,0.0,S_41,205.0,0.0,Needs Improvement,0,0,Needs Improvement
C_2342038,0,0,4,71,4,80,0.0,0.0,0,0.0,0,0,0,0.0,0.0,0.0,0.0,0.0,0,2,2.0,1.0,,0.0,0.0,0.0,S_63,,0.0,Needs Improvement,0,0,Needs Improvement
C_734055,0,0,12,75,26,111,0.0,0.0,0,0.0,0,0,0,0.0,0.0,0.0,0.0,0.0,0,2,2.0,1.0,875.3431866666667,0.0,0.0,0.0,S_60,205.0,0.0,Needs Improvement,0,0,Needs Improvement
C_1910447,0,0,1,1,0,0,0.0,0.0,0,0.0,0,0,0,0.0,0.0,0.0,0.0,0.0,0,2,2.0,1.0,,0.0,0.0,0.0,S_3,194.0,0.0,Needs Improvement,0,0,Needs Improvement
C_608132,0,0,1,4,1,6,0.0,0.0,0,0.0,0,0,0,0.0,0.0,0.0,0.0,0.0,0,2,2.0,1.0,,0.0,0.0,0.0,,205.0,0.0,Needs Improvement,0,0,Needs Improvement
C_697379,0,0,23,153,103,1068,0.0,0.0,0,0.0,0,0,0,0.0,0.0,0.0,0.0,0.0,0,2,2.0,1.0,434.4799,0.0,0.0,0.0,S_11,385.0,0.0,Needs Improvement,0,0,Needs Improvement
C_681560,0,0,6,6,6,40,0.0,0.0,0,0.0,0,0,0,0.0,0.0,0.0,0.0,0.0,0,2,2.0,1.0,,0.0,0.0,0.0,S_28,,0.0,Needs Improvement,0,0,Needs Improvement
C_676949,0,0,6,6,0,0,0.0,0.0,0,0.0,0,0,0,0.0,0.0,0.0,0.0,0.0,0,2,2.0,1.0,,0.0,0.0,0.0,S_1,20.0,0.0,Needs Improvement,0,0,Needs Improvement
C_681096,0,0,9,51,9,45,0.0,0.0,0,0.0,0,0,0,0.0,0.0,0.0,0.0,0.0,0,2,2.0,1.0,,0.0,0.0,0.0,S_178,,0.0,Needs Improvement,0,0,Needs Improvement
C_734044,0,0,10,66,29,181,0.0,0.0,0,0.0,0,0,0,0.0,0.0,0.0,0.0,0.0,0,2,2.0,1.0,,0.0,0.0,0.0,S_188,205.0,0.0,Needs Improvement,0,0,Needs Improvement
C_2059307,0,0,6,32,6,52,0.0,0.0,0,0.0,0,0,0,0.0,0.0,0.0,0.0,0.0,0,2,2.0,1.0,,0.0,0.0,0.0,S_234,,0.0,Needs Improvement,0,0,Needs Improvement
C_1910450,0,0,1,1,0,0,0.0,0.0,0,0.0,0,0,0,0.0,0.0,0.0,0.0,0.0,0,1,1.0,1.0,,0.0,0.0,0.0,S_336,,0.0,Needs Improvement,0,0,Needs Improvement
C_674942,0,0,6,41,7,103,0.0,0.0,0,0.0,0,0,0,0.0,0.0,0.0,0.0,0.0,0,1,1.0,1.0,657.9361707317073,0.0,0.0,0.0,S_50,,0.0,Needs Improvement,0,0,Needs Improvement
C_676665,0,0,12,53,12,119,0.0,0.0,0,0.0,0,0,0,0.0,0.0,0.0,0.0,0.0,0,1,1.0,1.0,853.157396226415,0.0,0.0,0.0,S_1,20.0,0.0,Needs Improvement,0,0,Needs Improvement
C_677066,0,0,14,83,14,133,0.0,0.0,0,0.0,0,0,0,0.0,0.0,0.0,0.0,0.0,0,1,1.0,1.0,713.8708641975309,0.0,0.0,0.0,S_1,20.0,0.0,Needs Improvement,0,0,Needs Improvement
C_680773,0,0,4,71,7,76,0.0,0.0,0,0.0,0,0,0,0.0,0.0,0.0,0.0,0.0,0,1,1.0,1.0,756.2158309859155,0.0,0.0,0.0,S_1,20.0,0.0,Needs Improvement,0,0,Needs Improvement
C_680988,0,0,7,28,28,70,0.0,0.0,0,0.0,0,0,0,0.0,0.0,0.0,0.0,0.0,0,1,1.0,1.0,756.2175,0.0,0.0,0.0,S_97,,0.0,Needs Improvement,0,0,Needs Improvement
C_681042,0,0,1,10,0,0,0.0,0.0,0,0.0,0,0,0,0.0,0.0,0.0,0.0,0.0,0,1,1.0,1.0,,0.0,0.0,0.0,S_122,,0.0,Needs Improvement,0,0,Needs Improvement
C_681056,0,0,15,162,24,120,0.0,0.0,0,0.0,0,0,0,0.0,0.0,0.0,0.0,0.0,0,1,1.0,1.0,268.15367901234566,0.0,0.0,0.0,S_161,205.0,0.0,Needs Improvement,0,0,Needs Improvement
C_681110,0,0,10,50,10,80,0.0,0.0,0,0.0,0,0,0,0.0,0.0,0.0,0.0,0.0,0,1,1.0,1.0,,0.0,0.0,0.0,S_83,,0.0,Needs Improvement,0,0,Needs Improvement
C_681404,0,0,7,33,7,156,0.0,0.0,0,0.0,0,0,0,0.0,0.0,0.0,0.0,0.0,0,1,1.0,1.0,772.1794117647058,0.0,0.0,0.0,S_204,,0.0,Needs Improvement,0,0,Needs Improvement
C_681533,0,0,5,42,0,0,0.0,0.0,0,0.0,0,0,0,0.0,0.0,0.0,0.0,0.0,0,1,1.0,1.0,,0.0,0.0,0.0,S_219,,0.0,Needs Improvement,0,0,Needs Improvement
C_681772,0,0,6,13,4,29,0.0,0.0,0,0.0,0,0,0,0.0,0.0,0.0,0.0,0.0,0,1,1.0,1.0,662.2123076923077,0.0,0.0,0.0,S_28,,0.0,Needs Improvement,0,0,Needs Improvement
C_681896,0,0,6,24,0,0,0.0,0.0,0,0.0,0,0,0,0.0,0.0,0.0,0.0,0.0,0,1,1.0,1.0,790.7912500000001,0.0,0.0,0.0,S_63,,0.0,Needs Improvement,0,0,Needs Improvement
C_681924,0,0,5,99,10,86,0.0,0.0,0,0.0,0,0,0,0.0,0.0,0.0,0.0,0.0,0,1,1.0,1.0,,0.0,0.0,0.0,S_49,,0.0,Needs Improvement,0,0,Needs Improvement
C_681930,0,0,6,17,15,280,0.0,0.0,0,0.0,0,0,0,0.0,0.0,0.0,0.0,0.0,0,1,1.0,1.0,,0.0,0.0,0.0,S_251,,0.0,Needs Improvement,0,0,Needs Improvement
C_681957,0,0,12,32,12,189,0.0,0.0,0,0.0,0,0,0,0.0,0.0,0.0,0.0,0.0,0,1,1.0,1.0,,0.0,0.0,0.0,S_221,,0.0,Needs Improvement,0,0,Needs Improvement
C_682161,0,0,14,40,14,139,0.0,0.0,0,0.0,0,0,0,0.0,0.0,0.0,0.0,0.0,0,1,1.0,1.0,,0.0,0.0,0.0,S_255,,0.0,Needs Improvement,0,0,Needs Improvement
C_682419,0,0,13,25,38,335,0.0,0.0,0,0.0,0,0,0,0.0,0.0,0.0,0.0,0.0,0,1,1.0,1.0,,0.0,0.0,0.0,S_82,,0.0,Needs Improvement,0,0,Needs Improvement
C_682544,0,0,9,36,8,59,0.0,0.0,0,0.0,0,0,0,0.0,0.0,0.0,0.0,0.0,0,1,1.0,1.0,,0.0,0.0,0.0,S_49,,0.0,Needs Improvement,0,0,Needs Improvement
C_682545,0,0,12,32,12,301,0.0,0.0,0,0.0,0,0,0,0.0,0.0,0.0,0.0,0.0,0,1,1.0,1.0,,0.0,0.0,0.0,S_165,,0.0,Needs Improvement,0,0,Needs Improvement
C_682701,0,0,10,22,33,110,0.0,0.0,0,0.0,0,0,0,0.0,0.0,0.0,0.0,0.0,0,1,1.0,1.0,,0.0,0.0,0.0,S_7,271.0,0.0,Needs Improvement,0,0,Needs Improvement
C_696666,0,0,5,29,5,30,0.0,0.0,0,0.0,0,0,0,0.0,0.0,0.0,0.0,0.0,0,1,1.0,1.0,774.115275862069,0.0,0.0,0.0,S_104,,0.0,Needs Improvement,0,0,Needs Improvement
C_696710,0,0,5,32,5,51,0.0,0.0,0,0.0,0,0,0,0.0,0.0,0.0,0.0,0.0,0,1,1.0,1.0,,0.0,0.0,0.0,S_50,,0.0,Needs Improvement,0,0,Needs Improvement
C_697278,0,0,6,57,5,28,0.0,0.0,0,0.0,0,0,0,0.0,0.0,0.0,0.0,0.0,0,1,1.0,1.0,322.7590588235294,0.0,0.0,0.0,S_1,20.0,0.0,Needs Improvement,0,0,Needs Improvement
C_697471,0,0,21,438,50,34,0.0,0.0,0,0.0,0,0,0,0.0,0.0,0.0,0.0,0.0,0,1,1.0,1.0,,0.0,0.0,0.0,S_57,1.0,0.0,Needs Improvement,0,0,Needs Improvement
C_697686,0,0,10,69,15,35,0.0,0.0,0,0.0,0,0,0,0.0,0.0,0.0,0.0,0.0,0,1,1.0,1.0,528.8535303030303,0.0,0.0,0.0,S_57,1.0,0.0,Needs Improvement,0,0,Needs Improvement
C_904503,0,0,10,16,31,308,0.0,0.0,0,0.0,0,0,0,0.0,0.0,0.0,0.0,0.0,0,1,1.0,1.0,354.0973333333333,0.0,0.0,0.0,,205.0,0.0,Needs Improvement,0,0,Needs Improvement
C_735103,0,0,3,3,4,10,0.0,0.0,0,0.0,0,0,0,0.0,0.0,0.0,0.0,0.0,0,1,1.0,1.0,540.2833333333333,0.0,0.0,0.0,,205.0,0.0,Needs Improvement,0,0,Needs Improvement
C_735160,0,0,11,49,3,24,0.0,0.0,0,0.0,0,0,0,0.0,0.0,0.0,0.0,0.0,0,1,1.0,1.0,,0.0,0.0,0.0,S_303,,0.0,Needs Improvement,0,0,Needs Improvement
C_2291322,0,0,12,12,0,0,0.0,0.0,0,0.0,0,0,0,0.0,0.0,0.0,0.0,0.0,0,1,1.0,1.0,,0.0,0.0,0.0,S_63,,0.0,Needs Improvement,0,0,Needs Improvement
C_737380,0,0,2,24,8,147,0.0,0.0,0,0.0,0,0,0,0.0,0.0,0.0,0.0,0.0,0,1,1.0,1.0,,0.0,0.0,0.0,S_232,,0.0,Needs Improvement,0,0,Needs Improvement
C_756622,0,0,8,40,0,0,0.0,0.0,0,0.0,0,0,0,0.0,0.0,0.0,0.0,0.0,0,1,1.0,1.0,,0.0,0.0,0.0,S_72,396.0,0.0,Needs Improvement,0,0,Needs Improvement
C_782574,0,0,8,67,7,20,0.0,0.0,0,0.0,0,0,0,0.0,0.0,0.0,0.0,0.0,0,1,1.0,1.0,365.7623809523809,0.0,0.0,0.0,S_349,205.0,0.0,Needs Improvement,0,0,Needs Improvement
C_927944,0,0,3,25,3,10,0.0,0.0,0,0.0,0,0,0,0.0,0.0,0.0,0.0,0.0,0,1,1.0,1.0,,0.0,0.0,0.0,S_425,205.0,0.0,Needs Improvement,0,0,Needs Improvement
C_947658,0,0,7,35,8,82,0.0,0.0,0,0.0,0,0,0,0.0,0.0,0.0,0.0,0.0,0,1,1.0,1.0,,0.0,0.0,0.0,S_256,,0.0,Needs Improvement,0,0,Needs Improvement
C_947695,0,0,12,52,18,51,0.0,0.0,0,0.0,0,0,0,0.0,0.0,0.0,0.0,0.0,0,1,1.0,1.0,,0.0,0.0,0.0,S_93,,0.0,Needs Improvement,0,0,Needs Improvement
C_947706,0,0,13,40,13,65,0.0,0.0,0,0.0,0,0,0,0.0,0.0,0.0,0.0,0.0,0,1,1.0,1.0,,0.0,0.0,0.0,S_875,,0.0,Needs Improvement,0,0,Needs Improvement
C_947707,0,0,5,65,5,56,0.0,0.0,0,0.0,0,0,0,0.0,0.0,0.0,0.0,0.0,0,1,1.0,1.0,,0.0,0.0,0.0,S_875,,0.0,Needs Improvement,0,0,Needs Improvement
C_947804,0,0,12,65,11,160,0.0,0.0,0,0.0,0,0,0,0.0,0.0,0.0,0.0,0.0,0,1,1.0,1.0,,0.0,0.0,0.0,S_149,1001.0,0.0,Needs Improvement,0,0,Needs Improvement
C_947807,0,0,9,54,9,84,0.0,0.0,0,0.0,0,0,0,0.0,0.0,0.0,0.0,0.0,0,1,1.0,1.0,,0.0,0.0,0.0,S_12,547.0,0.0,Needs Improvement,0,0,Needs Improvement
C_1169292,0,0,12,54,17,127,0.0,0.0,0,0.0,0,0,0,0.0,0.0,0.0,0.0,0.0,0,1,1.0,1.0,,0.0,0.0,0.0,S_60,205.0,0.0,Needs Improvement,0,0,Needs Improvement
C_1722664,0,0,15,124,50,166,0.0,0.0,0,0.0,0,0,0,0.0,0.0,0.0,0.0,0.0,0,1,1.0,1.0,627.5842947368421,0.0,0.0,0.0,S_374,205.0,0.0,Needs Improvement,0,0,Needs Improvement
C_1910405,0,0,1,1,0,0,0.0,0.0,0,0.0,0,0,0,0.0,0.0,0.0,0.0,0.0,0,1,1.0,1.0,,0.0,0.0,0.0,S_109,,0.0,Needs Improvement,0,0,Needs Improvement
C_1760285,0,0,13,72,139,155,0.0,0.0,0,0.0,0,0,0,0.0,0.0,0.0,0.0,0.0,0,1,1.0,1.0,970.7692816901408,0.0,0.0,0.0,S_1,20.0,0.0,Needs Improvement,0,0,Needs Improvement
C_1910413,0,0,1,1,0,0,0.0,0.0,0,0.0,0,0,0,0.0,0.0,0.0,0.0,0.0,0,1,1.0,1.0,,0.0,0.0,0.0,S_38,484.0,0.0,Needs Improvement,0,0,Needs Improvement
C_1910442,0,0,7,10,0,0,0.0,0.0,0,0.0,0,0,0,0.0,0.0,0.0,0.0,0.0,0,1,1.0,1.0,,0.0,0.0,0.0,S_31,,0.0,Needs Improvement,0,0,Needs Improvement
C_2097424,0,0,12,36,12,119,0.0,0.0,0,0.0,0,0,0,0.0,0.0,0.0,0.0,0.0,0,1,1.0,1.0,,0.0,0.0,0.0,S_144,316.0,0.0,Needs Improvement,0,0,Needs Improvement
C_2275456,0,0,1,7,0,0,0.0,0.0,0,0.0,0,0,0,0.0,0.0,0.0,0.0,0.0,0,1,1.0,1.0,,0.0,0.0,0.0,S_483,1001.0,0.0,Needs Improvement,0,0,Needs Improvement
C_1910392,0,0,1,1,0,0,0.0,0.0,0,0.0,0,0,0,0.0,0.0,0.0,0.0,0.0,0,1,1.0,1.0,,0.0,0.0,0.0,S_483,1001.0,0.0,Needs Improvement,0,0,Needs Improvement
C_1910444,0,0,1,1,0,0,0.0,0.0,0,0.0,0,0,0,0.0,0.0,0.0,0.0,0.0,0,1,1.0,1.0,,0.0,0.0,0.0,S_111,,0.0,Needs Improvement,0,0,Needs Improvement
C_2338059,0,0,7,59,7,140,0.0,0.0,0,0.0,0,0,0,0.0,0.0,0.0,0.0,0.0,0,1,1.0,1.0,624.5029827586208,0.0,0.0,0.0,S_1,20.0,0.0,Needs Improvement,0,0,Needs Improvement
C_2338069,0,0,20,69,20,100,0.0,0.0,0,0.0,0,0,0,0.0,0.0,0.0,0.0,0.0,0,1,1.0,1.0,,0.0,0.0,0.0,S_1,20.0,0.0,Needs Improvement,0,0,Needs Improvement
C_2338076,0,0,15,83,20,203,0.0,0.0,0,0.0,0,0,0,0.0,0.0,0.0,0.0,0.0,0,1,1.0,1.0,713.8708641975309,0.0,0.0,0.0,S_1,20.0,0.0,Needs Improvement,0,0,Needs Improvement
